symbol,date,open,high,low,close,volume,adjclose,dividends
AMID,2022-08-17,24.979999542236328,24.979999542236328,24.6299991607666,24.770999908447266,303000,24.52151870727539,0.0
AMID,2022-08-18,24.8700008392334,25.139999389648438,24.860000610351562,25.040000915527344,30600,24.787811279296875,0.0
AMID,2022-08-19,24.989999771118164,24.989999771118164,24.558000564575195,24.558000564575195,400,24.3106632232666,0.0
AMID,2022-08-22,24.239999771118164,24.239999771118164,24.02899932861328,24.02899932861328,20400,23.786991119384766,0.0
AMID,2022-08-23,24.25,24.280000686645508,24.027000427246094,24.027000427246094,1100,23.785011291503906,0.0
AMID,2022-08-24,24.040000915527344,24.139999389648438,24.040000915527344,24.084999084472656,3300,23.842426300048828,0.0
AMID,2022-08-25,24.459999084472656,24.4950008392334,24.420000076293945,24.4950008392334,1200,24.24829864501953,0.0
AMID,2022-08-26,23.81999969482422,23.81999969482422,23.743000030517578,23.743000030517578,1500,23.50387191772461,0.0
AMID,2022-08-29,23.450000762939453,23.450000762939453,23.450000762939453,23.450000762939453,100,23.213823318481445,0.0
AMID,2022-08-30,23.16900062561035,23.16900062561035,23.16900062561035,23.16900062561035,0,22.935651779174805,0.0
AMID,2022-08-31,23.100000381469727,23.100000381469727,22.972000122070312,22.972000122070312,200,22.74063491821289,0.0
AMID,2022-09-01,22.565000534057617,22.81800079345703,22.565000534057617,22.81800079345703,1400,22.58818817138672,0.0
AMID,2022-09-02,22.899999618530273,22.899999618530273,22.6299991607666,22.642000198364258,800,22.41396141052246,0.0
AMID,2022-09-06,22.690000534057617,22.690000534057617,22.56599998474121,22.56599998474121,2100,22.33872413635254,0.0
AMID,2022-09-07,23.062000274658203,23.062000274658203,23.062000274658203,23.062000274658203,100,22.829730987548828,0.0
AMID,2022-09-08,23.385000228881836,23.385000228881836,23.385000228881836,23.385000228881836,0,23.149477005004883,0.0
AMID,2022-09-09,23.850000381469727,23.850000381469727,23.82699966430664,23.82699966430664,500,23.587024688720703,0.0
AMID,2022-09-12,23.989999771118164,24.097000122070312,23.989999771118164,24.097000122070312,200,23.854305267333984,0.0
AMID,2022-09-13,23.06999969482422,23.06999969482422,23.06999969482422,23.06999969482422,100,22.837650299072266,0.0
AMID,2022-09-14,23.06999969482422,23.209999084472656,22.989999771118164,23.0310001373291,12000,22.799043655395508,0.0
AMID,2022-09-15,23.0,23.06999969482422,22.929000854492188,22.929000854492188,1200,22.698070526123047,0.0
AMID,2022-09-16,22.639999389648438,22.746000289916992,22.510000228881836,22.746000289916992,6400,22.51691436767578,0.0
AMID,2022-09-19,22.799999237060547,22.969999313354492,22.799999237060547,22.950000762939453,4800,22.71885871887207,0.0
AMID,2022-09-20,22.540000915527344,22.540000915527344,22.540000915527344,22.540000915527344,100,22.31298828125,0.0
AMID,2022-09-21,22.829999923706055,22.829999923706055,22.290000915527344,22.312999725341797,2900,22.088274002075195,0.0
AMID,2022-09-22,22.0,22.0,21.825000762939453,21.825000762939453,1000,21.605188369750977,0.0
AMID,2022-09-23,21.35300064086914,21.35300064086914,21.35300064086914,21.35300064086914,100,21.137943267822266,0.0
AMID,2022-09-26,21.350000381469727,21.350000381469727,21.038000106811523,21.038000106811523,1800,20.826114654541016,0.0
AMID,2022-09-27,20.947999954223633,21.076000213623047,20.947999954223633,21.076000213623047,1400,20.863733291625977,0.0
AMID,2022-09-28,21.6200008392334,21.84000015258789,21.6200008392334,21.792999267578125,4800,21.573511123657227,0.0
AMID,2022-09-29,21.469999313354492,21.469999313354492,21.333999633789062,21.450000762939453,9000,21.233966827392578,0.0
AMID,2022-09-30,21.65999984741211,21.65999984741211,21.305999755859375,21.305999755859375,5800,21.09141731262207,0.0
AMID,2022-10-03,21.90999984741211,22.1299991607666,21.90999984741211,22.03499984741211,4000,21.813072204589844,0.0
AMID,2022-10-04,22.8700008392334,22.913000106811523,22.799999237060547,22.913000106811523,400,22.682231903076172,0.0
AMID,2022-10-05,23.073999404907227,23.073999404907227,23.05500030517578,23.05500030517578,1200,22.822799682617188,0.0
AMID,2022-10-06,22.95400047302246,22.95400047302246,22.95400047302246,22.95400047302246,100,22.72281837463379,0.0
AMID,2022-10-07,22.349000930786133,22.349000930786133,22.349000930786133,22.349000930786133,100,22.123912811279297,0.0
AMID,2022-10-10,22.229999542236328,22.299999237060547,22.229999542236328,22.260000228881836,200,22.03580665588379,0.0
AMID,2022-10-11,22.149999618530273,22.389999389648438,22.049999237060547,22.077999114990234,6200,21.855640411376953,0.0
AMID,2022-10-12,22.079999923706055,22.079999923706055,22.02400016784668,22.02400016784668,1300,21.80218505859375,0.0
AMID,2022-10-13,21.68000030517578,22.5,21.68000030517578,22.5,2100,22.27338981628418,0.0
AMID,2022-10-14,21.700000762939453,21.700000762939453,21.648000717163086,21.648000717163086,200,21.42997169494629,0.0
AMID,2022-10-17,22.299999237060547,22.299999237060547,22.142000198364258,22.163000106811523,1400,21.93978500366211,0.0
AMID,2022-10-18,22.530000686645508,22.530000686645508,22.481000900268555,22.481000900268555,400,22.25458335876465,0.0
AMID,2022-10-19,22.190000534057617,22.229999542236328,22.010000228881836,22.040000915527344,13100,21.818023681640625,0.0
AMID,2022-10-20,21.739999771118164,21.760000228881836,21.709999084472656,21.709999084472656,2200,21.49134635925293,0.0
AMID,2022-10-21,21.860000610351562,22.152000427246094,21.860000610351562,22.152000427246094,100,21.928895950317383,0.0
AMID,2022-10-24,22.3700008392334,22.389999389648438,22.3700008392334,22.374000549316406,1800,22.14866065979004,0.0
AMID,2022-10-25,22.950000762939453,23.083999633789062,22.950000762939453,23.083999633789062,12300,22.85150909423828,0.0
AMID,2022-10-26,23.25,23.3700008392334,23.128000259399414,23.128000259399414,34900,22.89506721496582,0.0
AMID,2022-10-27,23.1299991607666,23.135000228881836,23.1299991607666,23.135000228881836,1700,22.901994705200195,0.0
AMID,2022-10-28,23.610000610351562,23.641000747680664,23.610000610351562,23.641000747680664,2000,23.40289878845215,0.0
AMID,2022-10-31,23.663000106811523,23.75,23.540000915527344,23.540000915527344,24000,23.30291748046875,0.0
AMID,2022-11-01,23.520000457763672,23.700000762939453,23.469999313354492,23.60700035095215,53600,23.36924171447754,0.0
AMID,2022-11-02,23.6299991607666,23.6299991607666,22.893999099731445,22.893999099731445,800,22.663419723510742,0.0
AMID,2022-11-03,22.450000762939453,22.739999771118164,22.450000762939453,22.608999252319336,2700,22.38129425048828,0.0
AMID,2022-11-04,22.649999618530273,22.729999542236328,22.649999618530273,22.68600082397461,5900,22.457517623901367,0.0
AMID,2022-11-07,22.739999771118164,23.049999237060547,22.739999771118164,22.95800018310547,37200,22.726778030395508,0.0
AMID,2022-11-08,23.1299991607666,23.290000915527344,23.1299991607666,23.16200065612793,800,22.92872428894043,0.0
AMID,2022-11-09,22.920000076293945,22.920000076293945,22.57200050354004,22.57200050354004,21200,22.344663619995117,0.0
AMID,2022-11-10,23.899999618530273,24.086999893188477,23.899999618530273,24.086999893188477,10400,23.84440803527832,0.0
AMID,2022-11-11,24.152000427246094,24.152000427246094,24.152000427246094,24.152000427246094,100,23.90875244140625,0.0
AMID,2022-11-14,23.834999084472656,23.834999084472656,23.834999084472656,23.834999084472656,0,23.59494400024414,0.0
AMID,2022-11-15,24.239999771118164,24.280000686645508,24.211999893188477,24.211999893188477,1200,23.968149185180664,0.0
AMID,2022-11-16,23.979999542236328,23.979999542236328,23.857999801635742,23.857999801635742,5000,23.617713928222656,0.0
AMID,2022-11-17,23.63599967956543,23.63599967956543,23.63599967956543,23.63599967956543,100,23.39794921875,0.0
AMID,2022-11-18,23.85700035095215,23.85700035095215,23.85700035095215,23.85700035095215,100,23.616724014282227,0.0
AMID,2022-11-21,23.736000061035156,23.736000061035156,23.736000061035156,23.736000061035156,100,23.4969425201416,0.0
AMID,2022-11-22,24.110000610351562,24.23699951171875,24.110000610351562,24.23699951171875,100,23.992897033691406,0.0
AMID,2022-11-23,24.295000076293945,24.295000076293945,24.295000076293945,24.295000076293945,0,24.050312042236328,0.0
AMID,2022-11-25,24.33300018310547,24.33300018310547,24.33300018310547,24.33300018310547,100,24.08793067932129,0.0
AMID,2022-11-28,23.965999603271484,23.965999603271484,23.965999603271484,23.965999603271484,0,23.724624633789062,0.0
AMID,2022-11-29,23.947999954223633,23.947999954223633,23.947999954223633,23.947999954223633,100,23.706806182861328,0.0
AMID,2022-11-30,24.518999099731445,24.518999099731445,24.518999099731445,24.518999099731445,100,24.27205467224121,0.0
AMID,2022-12-01,24.65999984741211,24.672000885009766,24.65999984741211,24.672000885009766,500,24.42351531982422,0.0
AMID,2022-12-02,24.61199951171875,24.61199951171875,24.61199951171875,24.61199951171875,0,24.364120483398438,0.0
AMID,2022-12-05,24.040000915527344,24.040000915527344,24.040000915527344,24.040000915527344,100,23.797882080078125,0.0
AMID,2022-12-06,23.783000946044922,23.809999465942383,23.674999237060547,23.736000061035156,1700,23.4969425201416,0.0
AMID,2022-12-07,23.82699966430664,23.82699966430664,23.82699966430664,23.82699966430664,0,23.587024688720703,0.0
AMID,2022-12-08,23.950000762939453,23.950000762939453,23.950000762939453,23.950000762939453,0,23.70878791809082,0.0
AMID,2022-12-09,23.746999740600586,23.746999740600586,23.746999740600586,23.746999740600586,0,23.507829666137695,0.0
AMID,2022-12-12,23.829999923706055,24.035999298095703,23.829999923706055,24.035999298095703,1400,23.793920516967773,0.0
AMID,2022-12-13,24.06999969482422,24.267000198364258,24.06999969482422,24.267000198364258,5600,24.022592544555664,0.0
AMID,2022-12-14,24.12299919128418,24.12299919128418,24.12299919128418,24.12299919128418,100,23.880043029785156,0.0
AMID,2022-12-15,23.65999984741211,23.690000534057617,23.59000015258789,23.634000778198242,4400,23.39596939086914,0.0
AMID,2022-12-16,23.530000686645508,23.530000686645508,23.38800048828125,23.38800048828125,1000,23.152446746826172,0.0
AMID,2022-12-19,23.610000610351562,23.610000610351562,23.083999633789062,23.083999633789062,400,22.85150909423828,0.0
AMID,2022-12-20,23.190000534057617,23.260000228881836,23.09600067138672,23.118000030517578,21600,22.88516616821289,0.0
AMID,2022-12-21,23.549999237060547,23.549999237060547,23.549999237060547,23.549999237060547,0,23.312814712524414,0.0
AMID,2022-12-22,23.059999465942383,23.194000244140625,23.04199981689453,23.194000244140625,7800,22.960399627685547,0.0
AMID,2022-12-23,23.236000061035156,23.371999740600586,23.236000061035156,23.371999740600586,200,23.136606216430664,0.0
AMID,2022-12-27,23.360000610351562,23.399999618530273,23.34000015258789,23.351999282836914,8800,23.11680793762207,0.0
AMID,2022-12-28,23.049999237060547,23.100000381469727,22.937999725341797,22.937999725341797,600,22.706979751586914,0.0
AMID,2022-12-29,23.256000518798828,23.360000610351562,23.219999313354492,23.260000228881836,19400,23.084104537963867,0.058
AMID,2022-12-30,23.079999923706055,23.170000076293945,23.049999237060547,23.170000076293945,6700,22.99478530883789,0.0
AMID,2023-01-03,23.05500030517578,23.05500030517578,23.05500030517578,23.05500030517578,0,22.88065528869629,0.0
AMID,2023-01-04,23.356000900268555,23.356000900268555,23.356000900268555,23.356000900268555,0,23.179380416870117,0.0
AMID,2023-01-05,23.1299991607666,23.1299991607666,23.100000381469727,23.101999282836914,200,22.92729949951172,0.0
AMID,2023-01-06,23.5,23.55699920654297,23.5,23.55699920654297,100,23.37885856628418,0.0
AMID,2023-01-09,23.57200050354004,23.57200050354004,23.57200050354004,23.57200050354004,100,23.39374542236328,0.0
AMID,2023-01-10,23.809999465942383,23.891000747680664,23.809999465942383,23.891000747680664,300,23.71033477783203,0.0
AMID,2023-01-11,24.302000045776367,24.302000045776367,24.302000045776367,24.302000045776367,0,24.11822509765625,0.0
AMID,2023-01-12,24.375,24.375,24.375,24.375,0,24.190671920776367,0.0
AMID,2023-01-13,24.558000564575195,24.558000564575195,24.558000564575195,24.558000564575195,100,24.372289657592773,0.0
AMID,2023-01-17,24.510000228881836,24.540000915527344,24.5,24.5,700,24.314727783203125,0.0
AMID,2023-01-18,24.469999313354492,24.469999313354492,24.295000076293945,24.295000076293945,400,24.111278533935547,0.0
AMID,2023-01-19,23.93000030517578,24.06999969482422,23.93000030517578,23.95400047302246,9600,23.772857666015625,0.0
AMID,2023-01-20,24.209999084472656,24.440000534057617,24.209999084472656,24.440000534057617,2600,24.25518226623535,0.0
AMID,2023-01-23,24.440000534057617,24.878999710083008,24.440000534057617,24.878999710083008,900,24.690860748291016,0.0
AMID,2023-01-24,24.770000457763672,24.81999969482422,24.698999404907227,24.698999404907227,8600,24.512224197387695,0.0
AMID,2023-01-25,24.408000946044922,24.649999618530273,24.408000946044922,24.649999618530273,400,24.463592529296875,0.0
AMID,2023-01-26,24.9689998626709,24.9689998626709,24.9689998626709,24.9689998626709,0,24.780181884765625,0.0
AMID,2023-01-27,25.049999237060547,25.049999237060547,25.040000915527344,25.040000915527344,200,24.85064697265625,0.0
AMID,2023-01-30,25.010000228881836,25.020000457763672,24.719999313354492,24.719999313354492,500,24.533063888549805,0.0
AMID,2023-01-31,24.989999771118164,25.299999237060547,24.989999771118164,25.299999237060547,500,25.10867691040039,0.0
AMID,2023-02-01,25.847000122070312,25.847000122070312,25.847000122070312,25.847000122070312,0,25.65154266357422,0.0
AMID,2023-02-02,26.1200008392334,26.1200008392334,25.974000930786133,25.974000930786133,4900,25.7775821685791,0.0
AMID,2023-02-03,26.040000915527344,26.040000915527344,25.812000274658203,25.812000274658203,400,25.616806030273438,0.0
AMID,2023-02-06,25.3799991607666,25.44300079345703,25.3799991607666,25.44300079345703,1700,25.250598907470703,0.0
AMID,2023-02-07,25.820999145507812,25.820999145507812,25.820999145507812,25.820999145507812,100,25.6257381439209,0.0
AMID,2023-02-08,25.68000030517578,25.68000030517578,25.68000030517578,25.68000030517578,0,25.48580551147461,0.0
AMID,2023-02-09,25.549999237060547,25.549999237060547,25.343000411987305,25.343000411987305,14100,25.15135383605957,0.0
AMID,2023-02-10,25.426000595092773,25.426000595092773,25.426000595092773,25.426000595092773,100,25.233726501464844,0.0
AMID,2023-02-13,25.743000030517578,25.743000030517578,25.743000030517578,25.743000030517578,100,25.548328399658203,0.0
AMID,2023-02-14,25.690000534057617,25.690000534057617,25.690000534057617,25.690000534057617,0,25.495731353759766,0.0
AMID,2023-02-15,25.861000061035156,25.861000061035156,25.861000061035156,25.861000061035156,100,25.665437698364258,0.0
AMID,2023-02-16,25.809999465942383,25.809999465942383,25.69099998474121,25.69099998474121,1200,25.496721267700195,0.0
AMID,2023-02-17,25.607999801635742,25.607999801635742,25.607999801635742,25.607999801635742,0,25.414348602294922,0.0
AMID,2023-02-21,25.299999237060547,25.299999237060547,24.969999313354492,24.969999313354492,1100,24.781173706054688,0.0
AMID,2023-02-22,24.950000762939453,24.989999771118164,24.950000762939453,24.961000442504883,5400,24.77224349975586,0.0
AMID,2023-02-23,25.233999252319336,25.280000686645508,25.19300079345703,25.19300079345703,2600,25.00248908996582,0.0
AMID,2023-02-24,25.0,25.040000915527344,24.981000900268555,24.981000900268555,6100,24.792091369628906,0.0
AMID,2023-02-27,25.09000015258789,25.09000015258789,25.09000015258789,25.09000015258789,0,24.900266647338867,0.0
AMID,2023-02-28,25.124000549316406,25.124000549316406,25.124000549316406,25.124000549316406,100,24.934011459350586,0.0
AMID,2023-03-01,25.229999542236328,25.229999542236328,25.139999389648438,25.139999389648438,700,24.949888229370117,0.0
AMID,2023-03-02,25.298999786376953,25.298999786376953,25.298999786376953,25.298999786376953,100,25.107685089111328,0.0
AMID,2023-03-03,25.551000595092773,25.551000595092773,25.551000595092773,25.551000595092773,100,25.35778045654297,0.0
AMID,2023-03-06,25.358999252319336,25.358999252319336,25.358999252319336,25.358999252319336,0,25.1672306060791,0.0
AMID,2023-03-07,25.270000457763672,25.270000457763672,25.049999237060547,25.097000122070312,4100,24.90721321105957,0.0
AMID,2023-03-08,25.1299991607666,25.1299991607666,25.117000579833984,25.117000579833984,200,24.92706298828125,0.0
AMID,2023-03-09,24.55500030517578,24.55500030517578,24.55500030517578,24.55500030517578,0,24.369312286376953,0.0
AMID,2023-03-10,23.849000930786133,23.849000930786133,23.849000930786133,23.849000930786133,100,23.66865348815918,0.0
AMID,2023-03-13,23.475000381469727,23.475000381469727,23.475000381469727,23.475000381469727,100,23.2974796295166,0.0
AMID,2023-03-14,24.1299991607666,24.1299991607666,23.72599983215332,23.844999313354492,1000,23.66468048095703,0.0
AMID,2023-03-15,23.275999069213867,23.275999069213867,23.275999069213867,23.275999069213867,0,23.09998321533203,0.0
AMID,2023-03-16,23.70599937438965,23.71500015258789,23.70599937438965,23.71500015258789,1100,23.53566551208496,0.0
AMID,2023-03-17,23.472999572753906,23.6200008392334,23.21299934387207,23.21299934387207,3600,23.037460327148438,0.0
AMID,2023-03-20,23.549999237060547,23.6200008392334,23.517000198364258,23.6200008392334,6400,23.441383361816406,0.0
AMID,2023-03-21,24.020000457763672,24.020000457763672,24.020000457763672,24.020000457763672,100,23.838359832763672,0.0
AMID,2023-03-22,23.93000030517578,23.940000534057617,23.53499984741211,23.53499984741211,1100,23.357025146484375,0.0
AMID,2023-03-23,23.479999542236328,23.479999542236328,23.479999542236328,23.479999542236328,0,23.302440643310547,0.0
AMID,2023-03-24,23.290000915527344,23.520000457763672,23.10700035095215,23.520000457763672,6300,23.342140197753906,0.0
AMID,2023-03-27,23.732999801635742,23.732999801635742,23.732999801635742,23.732999801635742,100,23.553529739379883,0.0
AMID,2023-03-28,23.732999801635742,23.732999801635742,23.732999801635742,23.732999801635742,100,23.553529739379883,0.0
AMID,2023-03-29,24.041000366210938,24.041000366210938,24.041000366210938,24.041000366210938,100,23.85919952392578,0.0
AMID,2023-03-30,24.145000457763672,24.145000457763672,24.124000549316406,24.124000549316406,200,23.941572189331055,0.0
AMID,2023-03-31,24.562000274658203,24.562000274658203,24.562000274658203,24.562000274658203,100,24.37626075744629,0.0
AMID,2023-04-03,24.559999465942383,24.559999465942383,24.559999465942383,24.559999465942383,100,24.3742733001709,0.0
AMID,2023-04-04,24.10300064086914,24.10300064086914,24.10300064086914,24.10300064086914,0,23.920730590820312,0.0
AMID,2023-04-05,23.940000534057617,23.940000534057617,23.940000534057617,23.940000534057617,0,23.75896453857422,0.0
AMID,2023-04-06,23.84000015258789,23.889999389648438,23.84000015258789,23.889999389648438,700,23.709341049194336,0.0
AMID,2023-04-10,24.15999984741211,24.15999984741211,24.15999984741211,24.15999984741211,100,23.977298736572266,0.0
AMID,2023-04-11,24.340999603271484,24.340999603271484,24.340999603271484,24.340999603271484,0,24.156930923461914,0.0
AMID,2023-04-12,24.520000457763672,24.520000457763672,24.336000442504883,24.336000442504883,100,24.15196990966797,0.0
AMID,2023-04-13,24.54400062561035,24.54400062561035,24.54400062561035,24.54400062561035,100,24.358396530151367,0.0
AMID,2023-04-14,24.510000228881836,24.510000228881836,24.510000228881836,24.510000228881836,100,24.32465362548828,0.0
AMID,2023-04-17,24.540000915527344,24.540000915527344,24.540000915527344,24.540000915527344,100,24.354427337646484,0.0
AMID,2023-04-18,24.64900016784668,24.64900016784668,24.64900016784668,24.64900016784668,0,24.462602615356445,0.0
AMID,2023-04-19,24.420000076293945,24.420000076293945,24.41200065612793,24.41200065612793,200,24.22739601135254,0.0
AMID,2023-04-20,24.327999114990234,24.327999114990234,24.327999114990234,24.327999114990234,0,24.144027709960938,0.0
AMID,2023-04-21,24.3439998626709,24.3439998626709,24.3439998626709,24.3439998626709,0,24.159908294677734,0.0
AMID,2023-04-24,24.479999542236328,24.479999542236328,24.447999954223633,24.447999954223633,400,24.26312255859375,0.0
AMID,2023-04-25,23.979000091552734,23.979000091552734,23.979000091552734,23.979000091552734,100,23.79766845703125,0.0
AMID,2023-04-26,23.8700008392334,23.8700008392334,23.8700008392334,23.8700008392334,100,23.68949317932129,0.0
AMID,2023-04-27,24.139999389648438,24.139999389648438,24.139999389648438,24.139999389648438,100,23.95745086669922,0.0
AMID,2023-04-28,24.198999404907227,24.198999404907227,24.198999404907227,24.198999404907227,0,24.01600456237793,0.0
AMID,2023-05-01,24.329999923706055,24.329999923706055,24.329999923706055,24.329999923706055,100,24.146013259887695,0.0
AMID,2023-05-02,23.84600067138672,23.84600067138672,23.84600067138672,23.84600067138672,0,23.665674209594727,0.0
AMID,2023-05-03,23.82900047302246,23.82900047302246,23.82900047302246,23.82900047302246,0,23.6488037109375,0.0
AMID,2023-05-04,23.44499969482422,23.44499969482422,23.44499969482422,23.44499969482422,0,23.2677059173584,0.0
AMID,2023-05-05,23.829999923706055,23.898000717163086,23.829999923706055,23.898000717163086,600,23.717281341552734,0.0
AMID,2023-05-08,24.020000457763672,24.030000686645508,23.972999572753906,23.972999572753906,500,23.79171371459961,0.0
AMID,2023-05-09,23.929000854492188,23.929000854492188,23.929000854492188,23.929000854492188,0,23.748048782348633,0.0
AMID,2023-05-10,24.110000610351562,24.110000610351562,24.05299949645996,24.05299949645996,300,23.871109008789062,0.0
AMID,2023-05-11,24.110000610351562,24.110000610351562,24.110000610351562,24.110000610351562,0,23.927677154541016,0.0
AMID,2023-05-12,24.149999618530273,24.149999618530273,24.134000778198242,24.134000778198242,4800,23.951496124267578,0.0
AMID,2023-05-15,24.399999618530273,24.399999618530273,24.399999618530273,24.399999618530273,100,24.215482711791992,0.0
AMID,2023-05-16,24.190000534057617,24.219999313354492,24.124000549316406,24.124000549316406,400,23.941572189331055,0.0
AMID,2023-05-17,24.450000762939453,24.450000762939453,24.450000762939453,24.450000762939453,100,24.265106201171875,0.0
AMID,2023-05-18,24.847999572753906,24.847999572753906,24.847999572753906,24.847999572753906,0,24.660097122192383,0.0
AMID,2023-05-19,24.864999771118164,24.93000030517578,24.739999771118164,24.7549991607666,600,24.567798614501953,0.0
AMID,2023-05-22,24.850000381469727,24.850000381469727,24.850000381469727,24.850000381469727,100,24.662080764770508,0.0
AMID,2023-05-23,24.466999053955078,24.466999053955078,24.466999053955078,24.466999053955078,0,24.2819766998291,0.0
AMID,2023-05-24,24.216999053955078,24.216999053955078,24.216999053955078,24.216999053955078,0,24.03386688232422,0.0
AMID,2023-05-25,24.292999267578125,24.292999267578125,24.292999267578125,24.292999267578125,100,24.10929298400879,0.0
AMID,2023-05-26,24.73699951171875,24.73699951171875,24.73699951171875,24.73699951171875,0,24.54993438720703,0.0
AMID,2023-05-30,24.81999969482422,24.81999969482422,24.809999465942383,24.809999465942383,100,24.62238311767578,0.0
AMID,2023-05-31,24.46299934387207,24.46299934387207,24.46299934387207,24.46299934387207,200,24.27800750732422,0.0
AMID,2023-06-01,24.69300079345703,24.69300079345703,24.69300079345703,24.69300079345703,100,24.506269454956055,0.0
AMID,2023-06-02,25.236000061035156,25.236000061035156,25.236000061035156,25.236000061035156,100,25.045164108276367,0.0
AMID,2023-06-05,25.15999984741211,25.15999984741211,25.15999984741211,25.15999984741211,100,24.969738006591797,0.0
AMID,2023-06-06,25.388999938964844,25.388999938964844,25.388999938964844,25.388999938964844,0,25.197006225585938,0.0
AMID,2023-06-07,25.540000915527344,25.68000030517578,25.53700065612793,25.53700065612793,29000,25.34388542175293,0.0
AMID,2023-06-08,25.569000244140625,25.569000244140625,25.569000244140625,25.569000244140625,0,25.37564468383789,0.0
AMID,2023-06-09,25.40999984741211,25.40999984741211,25.40999984741211,25.40999984741211,100,25.21784782409668,0.0
AMID,2023-06-12,25.707000732421875,25.707000732421875,25.707000732421875,25.707000732421875,100,25.51259994506836,0.0
AMID,2023-06-13,25.972999572753906,25.972999572753906,25.972999572753906,25.972999572753906,100,25.77659034729004,0.0
AMID,2023-06-14,26.010000228881836,26.010000228881836,25.780000686645508,25.788999557495117,700,25.59398078918457,0.0
AMID,2023-06-15,26.073999404907227,26.073999404907227,26.073999404907227,26.073999404907227,100,25.87682342529297,0.0
AMID,2023-06-16,26.639999389648438,26.639999389648438,26.020000457763672,26.020000457763672,200,25.82323455810547,0.0
AMID,2023-06-20,25.90999984741211,25.945999145507812,25.889999389648438,25.945999145507812,7300,25.749792098999023,0.0
AMID,2023-06-21,25.952999114990234,25.952999114990234,25.952999114990234,25.952999114990234,100,25.756738662719727,0.0
AMID,2023-06-22,25.959999084472656,25.959999084472656,25.915000915527344,25.915000915527344,100,25.719030380249023,0.0
AMID,2023-06-23,25.8799991607666,25.8799991607666,25.735000610351562,25.735000610351562,200,25.540390014648438,0.0
AMID,2023-06-26,25.839000701904297,25.839000701904297,25.839000701904297,25.839000701904297,100,25.643604278564453,0.0
AMID,2023-06-27,26.280000686645508,26.280000686645508,26.280000686645508,26.280000686645508,100,26.081268310546875,0.0
AMID,2023-06-28,26.242000579833984,26.264999389648438,26.242000579833984,26.264999389648438,300,26.06637954711914,0.0
AMID,2023-06-29,26.469999313354492,26.610000610351562,26.459999084472656,26.56999969482422,1700,26.36907386779785,0.0
AMID,2023-06-30,26.81999969482422,26.8700008392334,26.809999465942383,26.81999969482422,2200,26.617183685302734,0.0
AMID,2023-07-03,26.799999237060547,26.799999237060547,26.799999237060547,26.799999237060547,100,26.597333908081055,0.0
AMID,2023-07-05,26.6299991607666,26.6299991607666,26.6299991607666,26.6299991607666,100,26.428621292114258,0.0
AMID,2023-07-06,26.139999389648438,26.25,26.139999389648438,26.25,500,26.051494598388672,0.0
AMID,2023-07-07,26.6200008392334,26.6200008392334,26.374000549316406,26.374000549316406,1100,26.174556732177734,0.0
AMID,2023-07-10,26.850000381469727,26.850000381469727,26.850000381469727,26.850000381469727,0,26.646957397460938,0.0
AMID,2023-07-11,27.040000915527344,27.040000915527344,26.989999771118164,27.027000427246094,600,26.82261848449707,0.0
AMID,2023-07-12,27.200000762939453,27.200000762939453,27.170000076293945,27.18400001525879,5900,26.978431701660156,0.0
AMID,2023-07-13,27.319000244140625,27.319000244140625,27.319000244140625,27.319000244140625,200,27.112409591674805,0.0
AMID,2023-07-14,27.389999389648438,27.389999389648438,27.267000198364258,27.280000686645508,11500,27.073707580566406,0.0
AMID,2023-07-17,27.49799919128418,27.49799919128418,27.49799919128418,27.49799919128418,100,27.290056228637695,0.0
AMID,2023-07-18,27.709999084472656,27.709999084472656,27.709999084472656,27.709999084472656,100,27.500452041625977,0.0
AMID,2023-07-19,27.697999954223633,27.702999114990234,27.697999954223633,27.702999114990234,200,27.493505477905273,0.0
AMID,2023-07-20,27.493999481201172,27.56999969482422,27.479999542236328,27.479999542236328,1200,27.272193908691406,0.0
AMID,2023-07-21,27.476999282836914,27.485000610351562,27.406999588012695,27.406999588012695,200,27.199745178222656,0.0
AMID,2023-07-24,27.398000717163086,27.398000717163086,27.398000717163086,27.398000717163086,100,27.190813064575195,0.0
AMID,2023-07-25,27.604000091552734,27.604000091552734,27.604000091552734,27.604000091552734,100,27.39525604248047,0.0
AMID,2023-07-26,27.450000762939453,27.489999771118164,27.450000762939453,27.476999282836914,15100,27.269214630126953,0.0
AMID,2023-07-27,27.520000457763672,27.520000457763672,27.201000213623047,27.201000213623047,200,26.995304107666016,0.0
AMID,2023-07-28,27.25,27.299999237060547,27.25,27.299999237060547,200,27.09355354309082,0.0
AMID,2023-07-31,27.290000915527344,27.413999557495117,27.290000915527344,27.413999557495117,300,27.206693649291992,0.0
AMID,2023-08-01,27.34000015258789,27.420000076293945,27.34000015258789,27.420000076293945,1500,27.212646484375,0.0
AMID,2023-08-02,27.290000915527344,27.290000915527344,27.280000686645508,27.280000686645508,300,27.073707580566406,0.0
AMID,2023-08-03,27.33799934387207,27.33799934387207,27.33799934387207,27.33799934387207,100,27.131267547607422,0.0
AMID,2023-08-04,27.128000259399414,27.128000259399414,27.128000259399414,27.128000259399414,100,26.922855377197266,0.0
AMID,2023-08-07,27.426000595092773,27.426000595092773,27.426000595092773,27.426000595092773,100,27.218603134155273,0.0
AMID,2023-08-08,27.25,27.32699966430664,27.25,27.32699966430664,200,27.120349884033203,0.0
AMID,2023-08-09,27.34000015258789,27.34000015258789,27.27400016784668,27.27400016784668,200,27.067750930786133,0.0
AMID,2023-08-10,27.239999771118164,27.239999771118164,27.239999771118164,27.239999771118164,0,27.034008026123047,0.0
AMID,2023-08-11,27.280000686645508,27.280000686645508,27.260000228881836,27.260000228881836,700,27.053855895996094,0.0
AMID,2023-08-14,27.43000030517578,27.43000030517578,27.43000030517578,27.43000030517578,100,27.222572326660156,0.0
AMID,2023-08-15,27.110000610351562,27.158000946044922,27.110000610351562,27.158000946044922,400,26.95262908935547,0.0
AMID,2023-08-16,27.040000915527344,27.167999267578125,26.80699920654297,26.80699920654297,12700,26.604280471801758,0.0
AMID,2023-08-17,26.6560001373291,26.6560001373291,26.320999145507812,26.320999145507812,3000,26.12195587158203,0.0
AMID,2023-08-18,26.43000030517578,26.43000030517578,26.413999557495117,26.413999557495117,1000,26.21425437927246,0.0
AMID,2023-08-21,26.40999984741211,26.540000915527344,26.40999984741211,26.540000915527344,500,26.33930206298828,0.0
AMID,2023-08-22,26.451000213623047,26.451000213623047,26.434999465942383,26.434999465942383,200,26.235095977783203,0.0
AMID,2023-08-23,26.572999954223633,26.759000778198242,26.572999954223633,26.759000778198242,9600,26.5566463470459,0.0
AMID,2023-08-24,26.6299991607666,26.6299991607666,26.475000381469727,26.475000381469727,100,26.27479362487793,0.0
AMID,2023-08-25,26.360000610351562,26.52899932861328,26.360000610351562,26.52899932861328,200,26.328384399414062,0.0
AMID,2023-08-28,26.82200050354004,26.82200050354004,26.82200050354004,26.82200050354004,100,26.619169235229492,0.0
AMID,2023-08-29,27.27400016784668,27.301000595092773,27.27400016784668,27.301000595092773,900,27.094547271728516,0.0
AMID,2023-08-30,27.5,27.59000015258789,27.5,27.549999237060547,600,27.341663360595703,0.0
AMID,2023-08-31,27.56999969482422,27.56999969482422,27.510000228881836,27.52199935913086,5500,27.313875198364258,0.0
AMID,2023-09-01,27.80900001525879,27.80900001525879,27.80900001525879,27.80900001525879,100,27.598705291748047,0.0
AMID,2023-09-05,27.222999572753906,27.222999572753906,27.222999572753906,27.222999572753906,100,27.017135620117188,0.0
AMID,2023-09-06,27.25,27.25,27.25,27.25,100,27.04393196105957,0.0
AMID,2023-09-07,27.100000381469727,27.100000381469727,27.100000381469727,27.100000381469727,100,26.89506721496582,0.0
AMID,2023-09-08,27.0310001373291,27.0310001373291,27.0310001373291,27.0310001373291,100,26.826587677001953,0.0
AMID,2023-09-11,27.209999084472656,27.209999084472656,27.1299991607666,27.139999389648438,8000,26.934762954711914,0.0
AMID,2023-09-12,26.951000213623047,26.951000213623047,26.951000213623047,26.951000213623047,100,26.747194290161133,0.0
AMID,2023-09-13,26.858999252319336,26.858999252319336,26.858999252319336,26.858999252319336,100,26.6558895111084,0.0
AMID,2023-09-14,27.09000015258789,27.18199920654297,27.09000015258789,27.18199920654297,300,26.9764461517334,0.0
AMID,2023-09-15,26.790000915527344,26.790000915527344,26.709999084472656,26.749000549316406,2800,26.546720504760742,0.0
AMID,2023-09-18,26.81100082397461,26.81100082397461,26.81100082397461,26.81100082397461,100,26.608251571655273,0.0
AMID,2023-09-19,26.729999542236328,26.729999542236328,26.729999542236328,26.729999542236328,100,26.527864456176758,0.0
AMID,2023-09-20,27.030000686645508,27.030000686645508,26.520000457763672,26.520000457763672,500,26.3194522857666,0.0
AMID,2023-09-21,25.922000885009766,25.922000885009766,25.922000885009766,25.922000885009766,100,25.725976943969727,0.0
AMID,2023-09-22,25.950000762939453,25.950000762939453,25.950000762939453,25.950000762939453,100,25.75376319885254,0.0
AMID,2023-09-25,26.059999465942383,26.059999465942383,26.059999465942383,26.059999465942383,300,25.862932205200195,0.0
AMID,2023-09-26,25.81999969482422,25.81999969482422,25.65999984741211,25.65999984741211,4200,25.46595573425293,0.0
AMID,2023-09-27,25.812000274658203,25.8700008392334,25.797000885009766,25.797000885009766,500,25.60192108154297,0.0
AMID,2023-09-28,26.110000610351562,26.110000610351562,26.110000610351562,26.110000610351562,100,25.912553787231445,0.0
AMID,2023-09-29,26.1200008392334,26.15999984741211,25.950000762939453,25.950000762939453,4300,25.75376319885254,0.0
AMID,2023-10-02,25.770000457763672,25.770000457763672,25.770000457763672,25.770000457763672,100,25.575124740600586,0.0
AMID,2023-10-03,25.28499984741211,25.28499984741211,25.28499984741211,25.28499984741211,0,25.093791961669922,0.0
AMID,2023-10-04,25.253000259399414,25.579999923706055,25.253000259399414,25.540000915527344,2000,25.346864700317383,0.0
AMID,2023-10-05,25.434999465942383,25.530000686645508,25.3799991607666,25.530000686645508,13200,25.33694076538086,0.0
AMID,2023-10-06,25.610000610351562,25.823999404907227,25.610000610351562,25.823999404907227,200,25.62871551513672,0.0
AMID,2023-10-09,26.1200008392334,26.1200008392334,26.1200008392334,26.1200008392334,0,25.92247772216797,0.0
AMID,2023-10-10,26.291000366210938,26.291000366210938,26.291000366210938,26.291000366210938,100,26.09218406677246,0.0
AMID,2023-10-11,26.420000076293945,26.454999923706055,26.420000076293945,26.454999923706055,200,26.25494384765625,0.0
AMID,2023-10-12,25.979999542236328,25.979999542236328,25.979999542236328,25.979999542236328,100,25.783536911010742,0.0
AMID,2023-10-13,25.836999893188477,25.836999893188477,25.836999893188477,25.836999893188477,100,25.641616821289062,0.0
AMID,2023-10-16,26.111000061035156,26.111000061035156,26.111000061035156,26.111000061035156,100,25.913545608520508,0.0
AMID,2023-10-17,26.1299991607666,26.235000610351562,26.1299991607666,26.235000610351562,80700,26.036609649658203,0.0
AMID,2023-10-18,25.83300018310547,25.83300018310547,25.659000396728516,25.659000396728516,400,25.464963912963867,0.0
AMID,2023-10-19,25.68000030517578,25.68000030517578,25.35300064086914,25.35300064086914,700,25.161279678344727,0.0
AMID,2023-10-20,25.270000457763672,25.290000915527344,25.04400062561035,25.04400062561035,21200,24.854616165161133,0.0
AMID,2023-10-23,25.110000610351562,25.110000610351562,24.941999435424805,24.941999435424805,700,24.753385543823242,0.0
AMID,2023-10-24,24.809999465942383,24.92300033569336,24.809999465942383,24.92300033569336,900,24.734529495239258,0.0
AMID,2023-10-25,24.649999618530273,24.649999618530273,24.5,24.5,700,24.314727783203125,0.0
AMID,2023-10-26,24.540000915527344,24.540000915527344,24.540000915527344,24.540000915527344,100,24.354427337646484,0.0
AMID,2023-10-27,24.530000686645508,24.530000686645508,24.406999588012695,24.406999588012695,1200,24.222431182861328,0.0
AMID,2023-10-30,24.540000915527344,24.540000915527344,24.540000915527344,24.540000915527344,100,24.354427337646484,0.0
AMID,2023-10-31,24.760000228881836,24.760000228881836,24.701000213623047,24.701000213623047,2700,24.51420783996582,0.0
AMID,2023-11-01,24.676000595092773,25.047000885009766,24.65999984741211,25.047000885009766,1900,24.857593536376953,0.0
AMID,2023-11-02,25.530000686645508,25.530000686645508,25.51099967956543,25.51099967956543,200,25.318082809448242,0.0
AMID,2023-11-03,26.094999313354492,26.094999313354492,26.094999313354492,26.094999313354492,100,25.89766502380371,0.0
AMID,2023-11-06,25.959999084472656,25.959999084472656,25.959999084472656,25.959999084472656,0,25.763687133789062,0.0
AMID,2023-11-07,26.040000915527344,26.06999969482422,25.989999771118164,26.030000686645508,1500,25.833158493041992,0.0
AMID,2023-11-08,25.93000030517578,25.93000030517578,25.922000885009766,25.922000885009766,400,25.725976943969727,0.0
AMID,2023-11-09,26.100000381469727,26.100000381469727,25.770999908447266,25.770999908447266,300,25.57611656188965,0.0
AMID,2023-11-10,26.239999771118164,26.25200080871582,26.239999771118164,26.25200080871582,500,26.05348014831543,0.0
AMID,2023-11-13,26.239999771118164,26.250999450683594,26.239999771118164,26.250999450683594,3200,26.052486419677734,0.0
AMID,2023-11-14,27.240999221801758,27.240999221801758,27.240999221801758,27.240999221801758,100,27.03499984741211,0.0
AMID,2023-11-15,27.350000381469727,27.360000610351562,27.19700050354004,27.19700050354004,2800,26.991334915161133,0.0
AMID,2023-11-16,27.020000457763672,27.069000244140625,27.020000457763672,27.062999725341797,24800,26.858346939086914,0.0
AMID,2023-11-17,27.139999389648438,27.190000534057617,27.139999389648438,27.18000030517578,1800,26.974462509155273,0.0
AMID,2023-11-20,27.1299991607666,27.325000762939453,27.1299991607666,27.325000762939453,80700,27.118366241455078,0.0
AMID,2023-11-21,27.325000762939453,27.450000762939453,27.219999313354492,27.299999237060547,800,27.09355354309082,0.0
AMID,2023-11-22,27.489999771118164,27.507999420166016,27.479999542236328,27.507999420166016,600,27.29998016357422,0.0
AMID,2023-11-24,27.56999969482422,27.62700080871582,27.56999969482422,27.62700080871582,200,27.418081283569336,0.0
AMID,2023-11-27,27.440000534057617,27.649999618530273,27.440000534057617,27.649999618530273,700,27.440908432006836,0.0
AMID,2023-11-28,27.520000457763672,27.520000457763672,27.40999984741211,27.469999313354492,2700,27.26226806640625,0.0
AMID,2023-11-29,27.530000686645508,27.600000381469727,27.530000686645508,27.600000381469727,400,27.391286849975586,0.0
AMID,2023-11-30,27.6299991607666,27.711000442504883,27.6299991607666,27.711000442504883,200,27.501445770263672,0.0
AMID,2023-12-01,27.719999313354492,28.194000244140625,27.719999313354492,28.194000244140625,4800,27.980792999267578,0.0
AMID,2023-12-04,27.56999969482422,28.190000534057617,27.56999969482422,28.190000534057617,600,27.976823806762695,0.0
AMID,2023-12-05,28.059999465942383,28.059999465942383,28.059999465942383,28.059999465942383,100,27.84780502319336,0.0
AMID,2023-12-06,28.045000076293945,28.045000076293945,28.045000076293945,28.045000076293945,100,27.83292007446289,0.0
AMID,2023-12-07,28.170000076293945,28.238000869750977,28.170000076293945,28.238000869750977,600,28.024463653564453,0.0
AMID,2023-12-08,28.399999618530273,28.45400047302246,28.399999618530273,28.45400047302246,800,28.238828659057617,0.0
AMID,2023-12-11,28.670000076293945,28.670000076293945,28.670000076293945,28.670000076293945,200,28.453195571899414,0.0
AMID,2023-12-12,28.719999313354492,28.829999923706055,28.719999313354492,28.812000274658203,1900,28.5941219329834,0.0
AMID,2023-12-13,28.854999542236328,29.415000915527344,28.854999542236328,29.415000915527344,800,29.192562103271484,0.0
AMID,2023-12-14,30.115999221801758,30.115999221801758,30.115999221801758,30.115999221801758,100,29.888259887695312,0.0
AMID,2023-12-15,29.920000076293945,30.100000381469727,29.899999618530273,29.96500015258789,5700,29.738401412963867,0.0
AMID,2023-12-18,30.059999465942383,30.059999465942383,29.920000076293945,29.94099998474121,1200,29.714584350585938,0.0
AMID,2023-12-19,30.170000076293945,30.19099998474121,30.110000610351562,30.19099998474121,55600,29.962690353393555,0.0
AMID,2023-12-20,30.003999710083008,30.299999237060547,29.62700080871582,29.62700080871582,25300,29.529130935668945,0.129
AMID,2023-12-21,29.950000762939453,30.07900047302246,29.84000015258789,30.07900047302246,2400,29.979637145996094,0.0
AMID,2023-12-22,30.239999771118164,30.280000686645508,30.200000762939453,30.2549991607666,3900,30.155054092407227,0.0
AMID,2023-12-26,30.209999084472656,30.489999771118164,30.209999084472656,30.43600082397461,11100,30.335458755493164,0.0
AMID,2023-12-27,30.492000579833984,30.610000610351562,30.489999771118164,30.610000610351562,2200,30.508882522583008,0.0
AMID,2023-12-28,30.540000915527344,30.600000381469727,30.472999572753906,30.489999771118164,6200,30.389278411865234,0.0
AMID,2023-12-29,30.5,30.5,30.281999588012695,30.281999588012695,6000,30.181964874267578,0.0
AMID,2024-01-02,30.033000946044922,30.149999618530273,29.920000076293945,29.940000534057617,4300,29.841096878051758,0.0
AMID,2024-01-03,29.549999237060547,29.549999237060547,29.280000686645508,29.280000686645508,2800,29.183277130126953,0.0
AMID,2024-01-04,29.209999084472656,29.209999084472656,29.209999084472656,29.209999084472656,300,29.113506317138672,0.0
AMID,2024-01-05,28.959999084472656,29.270000457763672,28.959999084472656,29.270000457763672,1100,29.173309326171875,0.0
AMID,2024-01-08,29.549999237060547,29.790000915527344,29.454999923706055,29.790000915527344,11200,29.691593170166016,0.0
AMID,2024-01-09,29.576000213623047,29.599000930786133,29.510000228881836,29.576000213623047,500,29.47829818725586,0.0
AMID,2024-01-10,30.1200008392334,30.1200008392334,29.649999618530273,29.8700008392334,1800,29.77132797241211,0.0
AMID,2024-01-11,30.280000686645508,30.280000686645508,29.540000915527344,29.860000610351562,2900,29.76136016845703,0.0
AMID,2024-01-12,29.790000915527344,29.90999984741211,29.790000915527344,29.8700008392334,20700,29.77132797241211,0.0
AMID,2024-01-16,29.625,29.899999618530273,29.625,29.899999618530273,1500,29.801227569580078,0.0
AMID,2024-01-17,29.530000686645508,29.59000015258789,29.469999313354492,29.59000015258789,5200,29.492252349853516,0.0
AMID,2024-01-18,29.926000595092773,29.926000595092773,29.926000595092773,29.926000595092773,100,29.8271427154541,0.0
AMID,2024-01-19,30.290000915527344,30.290000915527344,30.290000915527344,30.290000915527344,200,30.18994140625,0.0
AMID,2024-01-22,30.565000534057617,30.68000030517578,30.565000534057617,30.68000030517578,6600,30.578651428222656,0.0
AMID,2024-01-23,30.35099983215332,30.35099983215332,30.35099983215332,30.35099983215332,100,30.2507381439209,0.0
AMID,2024-01-24,31.219999313354492,31.219999313354492,30.149999618530273,30.239999771118164,5600,30.140104293823242,0.0
AMID,2024-01-25,30.5,30.5,30.3700008392334,30.469999313354492,5300,30.36934471130371,0.0
AMID,2024-01-26,30.42099952697754,30.42099952697754,30.42099952697754,30.42099952697754,100,30.320507049560547,0.0
AMID,2024-01-29,30.559999465942383,30.809999465942383,30.547000885009766,30.809999465942383,2400,30.708221435546875,0.0
AMID,2024-01-30,30.829999923706055,30.829999923706055,30.809999465942383,30.809999465942383,3300,30.708221435546875,0.0
AMID,2024-01-31,30.20800018310547,30.299999237060547,30.20800018310547,30.25,11700,30.15007209777832,0.0
AMID,2024-02-01,30.440000534057617,30.676000595092773,30.200000762939453,30.676000595092773,3000,30.574665069580078,0.0
AMID,2024-02-02,30.809999465942383,30.809999465942383,30.809999465942383,30.809999465942383,100,30.708221435546875,0.0
AMID,2024-02-05,30.316999435424805,30.510000228881836,30.270000457763672,30.510000228881836,1900,30.40921401977539,0.0
AMID,2024-02-06,30.45599937438965,30.638999938964844,30.45599937438965,30.638999938964844,400,30.53778648376465,0.0
AMID,2024-02-07,30.924999237060547,30.944000244140625,30.924999237060547,30.944000244140625,3400,30.841779708862305,0.0
AMID,2024-02-08,31.299999237060547,31.450000762939453,31.170000076293945,31.450000762939453,1500,31.34610939025879,0.0
AMID,2024-02-09,31.43000030517578,31.690000534057617,31.43000030517578,31.690000534057617,9100,31.585315704345703,0.0
AMID,2024-02-12,31.93000030517578,31.93000030517578,31.829999923706055,31.829999923706055,4200,31.724851608276367,0.0
AMID,2024-02-13,31.3700008392334,31.3799991607666,31.191999435424805,31.191999435424805,500,31.088958740234375,0.0
AMID,2024-02-14,31.554000854492188,31.81399917602539,31.530000686645508,31.81399917602539,3600,31.708904266357422,0.0
AMID,2024-02-15,32.000999450683594,32.16899871826172,32.000999450683594,32.16899871826172,200,32.0627326965332,0.0
AMID,2024-02-16,32.470001220703125,32.470001220703125,32.0,32.0,3200,31.894290924072266,0.0
AMID,2024-02-20,31.709999084472656,31.770000457763672,31.6299991607666,31.742000579833984,2200,31.637144088745117,0.0
AMID,2024-02-21,31.770000457763672,31.770000457763672,31.770000457763672,31.770000457763672,100,31.665050506591797,0.0
AMID,2024-02-22,32.189998626708984,32.31999969482422,32.189998626708984,32.28900146484375,1900,32.18233871459961,0.0
AMID,2024-02-23,32.448001861572266,32.448001861572266,32.448001861572266,32.448001861572266,0,32.34081268310547,0.0
AMID,2024-02-26,32.5,32.5,32.459999084472656,32.48500061035156,11500,32.377689361572266,0.0
AMID,2024-02-27,32.119998931884766,32.564998626708984,32.119998931884766,32.564998626708984,2200,32.45742416381836,0.0
AMID,2024-02-28,32.50600051879883,32.58000183105469,32.47999954223633,32.560001373291016,1900,32.45244216918945,0.0
AMID,2024-02-29,32.779998779296875,32.779998779296875,32.599998474121094,32.779998779296875,6800,32.671714782714844,0.0
AMID,2024-03-01,33.099998474121094,33.16999816894531,32.83000183105469,33.16999816894531,2900,33.0604248046875,0.0
AMID,2024-03-04,33.310001373291016,33.38999938964844,33.220001220703125,33.220001220703125,4300,33.11026382446289,0.0
AMID,2024-03-05,33.11000061035156,33.11000061035156,32.849998474121094,32.849998474121094,2000,32.74148178100586,0.0
AMID,2024-03-06,33.08000183105469,33.2400016784668,33.08000183105469,33.209999084472656,3600,33.10029220581055,0.0
AMID,2024-03-07,33.63999938964844,33.689998626708984,33.56999969482422,33.689998626708984,12600,33.57870864868164,0.0
AMID,2024-03-08,33.779998779296875,33.81999969482422,33.310001373291016,33.349998474121094,19500,33.239830017089844,0.0
AMID,2024-03-11,33.0,33.060001373291016,32.77000045776367,32.959999084472656,25200,32.85111999511719,0.0
AMID,2024-03-12,33.2599983215332,33.380001068115234,33.220001220703125,33.290000915527344,7700,33.180030822753906,0.0
AMID,2024-03-13,33.310001373291016,33.369998931884766,33.220001220703125,33.279998779296875,5400,33.17006301879883,0.0
AMID,2024-03-14,33.275001525878906,33.275001525878906,32.75699996948242,32.922000885009766,15000,32.81324768066406,0.0
AMID,2024-03-15,32.926998138427734,32.981998443603516,32.880001068115234,32.880001068115234,1200,32.771385192871094,0.0
AMID,2024-03-18,33.18000030517578,33.18000030517578,32.95000076293945,32.959999084472656,29100,32.85111999511719,0.0
AMID,2024-03-19,32.95000076293945,33.34000015258789,32.95000076293945,33.34000015258789,8500,33.22986602783203,0.0
AMID,2024-03-20,33.36000061035156,33.779998779296875,33.34000015258789,33.67499923706055,6300,33.563758850097656,0.0
AMID,2024-03-21,34.22999954223633,34.25,34.165000915527344,34.165000915527344,22500,34.05213928222656,0.0
AMID,2024-03-22,33.92399978637695,34.0099983215332,33.92399978637695,33.939998626708984,15100,33.827880859375,0.0
AMID,2024-03-25,33.939998626708984,33.95000076293945,33.810001373291016,33.810001373291016,15300,33.69831466674805,0.0
AMID,2024-03-26,33.880001068115234,33.939998626708984,33.79499816894531,33.79499816894531,8900,33.6833610534668,0.0
AMID,2024-03-27,34.099998474121094,34.2599983215332,34.06399917602539,34.220001220703125,16300,34.10696029663086,0.0
AMID,2024-03-28,34.279998779296875,34.33000183105469,34.22999954223633,34.22999954223633,4000,34.11692428588867,0.0
AMID,2024-04-01,34.15999984741211,34.15999984741211,34.029998779296875,34.0629997253418,1300,33.950477600097656,0.0
AMID,2024-04-02,33.551998138427734,33.650001525878906,33.40999984741211,33.650001525878906,6000,33.538841247558594,0.0
AMID,2024-04-03,33.84000015258789,33.849998474121094,33.81999969482422,33.81999969482422,8000,33.70827865600586,0.0
AMID,2024-04-04,34.31999969482422,34.31999969482422,33.369998931884766,33.369998931884766,1400,33.259765625,0.0
AMID,2024-04-05,33.61000061035156,33.880001068115234,33.61000061035156,33.79999923706055,7300,33.6883430480957,0.0
AMID,2024-04-08,33.75,33.775001525878906,33.73400115966797,33.73400115966797,1500,33.622562408447266,0.0
AMID,2024-04-09,33.84000015258789,33.85499954223633,33.66600036621094,33.66600036621094,3300,33.554786682128906,0.0
AMID,2024-04-10,33.65999984741211,33.65999984741211,32.939998626708984,32.95000076293945,2600,32.84115219116211,0.0
AMID,2024-04-11,32.834999084472656,33.060001373291016,32.790000915527344,33.04999923706055,4900,32.94082260131836,0.0
AMID,2024-04-12,32.650001525878906,32.827999114990234,32.619998931884766,32.619998931884766,2600,32.51224136352539,0.0
AMID,2024-04-15,32.709999084472656,32.86800003051758,32.18000030517578,32.18000030517578,1900,32.07369613647461,0.0
AMID,2024-04-16,32.125,32.150001525878906,32.09700012207031,32.09700012207031,4000,31.990970611572266,0.0
AMID,2024-04-17,32.119998931884766,32.15999984741211,31.719999313354492,31.750999450683594,7500,31.6461124420166,0.0
AMID,2024-04-18,32.25,32.25,31.600000381469727,31.600000381469727,4400,31.49561309814453,0.0
AMID,2024-04-19,31.579999923706055,31.579999923706055,31.450000762939453,31.549999237060547,7900,31.445775985717773,0.0
AMID,2024-04-22,32.02000045776367,32.02000045776367,31.583999633789062,31.829999923706055,5600,31.724851608276367,0.0
AMID,2024-04-23,32.5099983215332,32.56999969482422,32.5099983215332,32.56999969482422,1500,32.462406158447266,0.0
AMID,2024-04-24,32.63999938964844,32.63999938964844,32.349998474121094,32.428001403808594,7500,32.32087707519531,0.0
AMID,2024-04-25,31.95800018310547,32.28499984741211,31.95800018310547,32.28499984741211,1600,32.178348541259766,0.0
AMID,2024-04-26,32.150001525878906,32.40999984741211,32.150001525878906,32.290000915527344,21900,32.18333435058594,0.0
AMID,2024-04-29,32.540000915527344,32.58000183105469,32.400001525878906,32.58000183105469,5800,32.47237777709961,0.0
AMID,2024-04-30,32.439998626708984,32.45000076293945,31.930999755859375,31.930999755859375,1700,31.825519561767578,0.0
AMID,2024-05-01,31.93000030517578,32.22999954223633,31.739999771118164,31.739999771118164,1800,31.635149002075195,0.0
AMID,2024-05-02,32.2599983215332,32.2599983215332,31.731000900268555,31.920000076293945,5500,31.814556121826172,0.0
AMID,2024-05-03,32.20000076293945,32.2239990234375,32.119998931884766,32.119998931884766,2000,32.013893127441406,0.0
AMID,2024-05-06,32.560001373291016,32.689998626708984,32.52799987792969,32.689998626708984,1300,32.582008361816406,0.0
AMID,2024-05-07,32.68000030517578,32.68000030517578,32.459999084472656,32.459999084472656,2000,32.3527717590332,0.0
AMID,2024-05-08,32.332000732421875,32.354000091552734,32.29800033569336,32.354000091552734,1500,32.24711990356445,0.0
AMID,2024-05-09,32.150001525878906,32.75,32.150001525878906,32.75,6000,32.641815185546875,0.0
AMID,2024-05-10,32.86000061035156,32.900001525878906,32.86000061035156,32.900001525878906,300,32.79132080078125,0.0
AMID,2024-05-13,33.06999969482422,33.06999969482422,32.68000030517578,32.7599983215332,52200,32.65177917480469,0.0
AMID,2024-05-14,32.95000076293945,32.95000076293945,32.81999969482422,32.81999969482422,37800,32.71158218383789,0.0
AMID,2024-05-15,33.27000045776367,33.29999923706055,33.22999954223633,33.22999954223633,18100,33.1202278137207,0.0
AMID,2024-05-16,33.439998626708984,33.439998626708984,33.05099868774414,33.05099868774414,27500,32.94181823730469,0.0
AMID,2024-05-17,33.15999984741211,33.15999984741211,33.02000045776367,33.02000045776367,25100,32.91092300415039,0.0
AMID,2024-05-20,32.970001220703125,33.33000183105469,32.970001220703125,33.33000183105469,42600,33.21989822387695,0.0
AMID,2024-05-21,33.06999969482422,33.13399887084961,33.06999969482422,33.13399887084961,11700,33.02454376220703,0.0
AMID,2024-05-22,33.18000030517578,33.18000030517578,32.9370002746582,32.94300079345703,1900,32.83417510986328,0.0
AMID,2024-05-23,33.0,33.0,32.66999816894531,32.66999816894531,10300,32.562076568603516,0.0
AMID,2024-05-24,32.97999954223633,32.98400115966797,32.97999954223633,32.98400115966797,700,32.87504196166992,0.0
AMID,2024-05-28,32.81999969482422,32.81999969482422,32.540000915527344,32.582000732421875,11300,32.474369049072266,0.0
AMID,2024-05-29,32.34000015258789,32.34000015258789,32.11000061035156,32.11000061035156,4000,32.003929138183594,0.0
AMID,2024-05-30,32.220001220703125,32.220001220703125,32.099998474121094,32.17100143432617,15800,32.064727783203125,0.0
AMID,2024-05-31,32.189998626708984,32.33000183105469,31.989999771118164,32.33000183105469,18100,32.223201751708984,0.0
AMID,2024-06-03,32.400001525878906,32.400001525878906,32.189998626708984,32.189998626708984,10600,32.08366012573242,0.0
AMID,2024-06-04,31.8799991607666,31.992000579833984,31.8700008392334,31.940000534057617,4100,31.834489822387695,0.0
AMID,2024-06-05,32.1619987487793,32.349998474121094,32.1619987487793,32.349998474121094,400,32.243133544921875,0.0
AMID,2024-06-06,32.290000915527344,32.290000915527344,32.119998931884766,32.189998626708984,2200,32.08366012573242,0.0
AMID,2024-06-07,32.060001373291016,32.060001373291016,32.0099983215332,32.0099983215332,200,31.90425682067871,0.0
AMID,2024-06-10,31.975000381469727,32.189998626708984,31.975000381469727,32.189998626708984,700,32.08366012573242,0.0
AMID,2024-06-11,31.790000915527344,31.959999084472656,31.790000915527344,31.920000076293945,2700,31.814556121826172,0.0
AMID,2024-06-12,32.58000183105469,32.849998474121094,32.51499938964844,32.52000045776367,6300,32.412574768066406,0.0
AMID,2024-06-13,32.56999969482422,32.57899856567383,32.25,32.448001861572266,7200,32.34081268310547,0.0
AMID,2024-06-14,32.029998779296875,32.150001525878906,31.940000534057617,32.12900161743164,33800,32.022865295410156,0.0
AMID,2024-06-17,32.15999984741211,32.459999084472656,32.15999984741211,32.44200134277344,7400,32.33483123779297,0.0
AMID,2024-06-18,32.529998779296875,32.56999969482422,32.43600082397461,32.560001373291016,2700,32.45244216918945,0.0
AMID,2024-06-20,32.5099983215332,32.51100158691406,32.2599983215332,32.2599983215332,2600,32.1534309387207,0.0
AMID,2024-06-21,32.20600128173828,32.45000076293945,32.20600128173828,32.41899871826172,8500,32.31190490722656,0.0
AMID,2024-06-24,32.558998107910156,32.558998107910156,32.558998107910156,32.558998107910156,100,32.45144271850586,0.0
AMID,2024-06-25,32.29999923706055,32.34000015258789,32.24700164794922,32.30699920654297,1000,32.20027542114258,0.0
AMID,2024-06-26,32.20000076293945,32.20000076293945,32.130001068115234,32.18199920654297,3800,32.075687408447266,0.0
AMID,2024-06-27,32.2400016784668,32.38999938964844,32.2400016784668,32.35200119018555,2700,32.2451286315918,0.0
AMID,2024-06-28,32.5,32.5,32.2599983215332,32.30400085449219,1200,32.197288513183594,0.0
AMID,2024-07-01,32.150001525878906,32.150001525878906,31.959999084472656,31.966999053955078,3100,31.861398696899414,0.0
AMID,2024-07-02,32.029998779296875,32.125999450683594,31.959999084472656,32.125999450683594,1200,32.019874572753906,0.0
AMID,2024-07-03,32.29999923706055,32.29999923706055,32.202999114990234,32.202999114990234,1300,32.09661865234375,0.0
AMID,2024-07-05,32.130001068115234,32.130001068115234,31.899999618530273,32.058998107910156,3400,31.953094482421875,0.0
AMID,2024-07-08,32.150001525878906,32.189998626708984,32.08000183105469,32.16400146484375,2600,32.0577507019043,0.0
AMID,2024-07-09,32.04999923706055,32.119998931884766,32.0359992980957,32.0359992980957,1000,31.930171966552734,0.0
AMID,2024-07-10,32.16999816894531,32.38999938964844,32.16999816894531,32.356998443603516,26100,32.2501106262207,0.0
AMID,2024-07-11,32.970001220703125,33.099998474121094,32.970001220703125,33.07400131225586,2900,32.964744567871094,0.0
AMID,2024-07-12,33.560001373291016,33.75,33.560001373291016,33.56999969482422,39400,33.459102630615234,0.0
AMID,2024-07-15,33.790000915527344,33.95000076293945,33.77000045776367,33.77799987792969,37500,33.66641616821289,0.0
AMID,2024-07-16,34.349998474121094,34.79999923706055,34.34000015258789,34.784000396728516,36300,34.66909408569336,0.0
AMID,2024-07-17,34.439998626708984,34.439998626708984,34.09000015258789,34.13100051879883,16200,34.018253326416016,0.0
AMID,2024-07-18,34.70000076293945,34.70000076293945,33.86000061035156,34.099998474121094,32800,33.98735046386719,0.0
AMID,2024-07-19,34.060001373291016,34.060001373291016,33.7599983215332,33.7859992980957,15700,33.67438888549805,0.0
AMID,2024-07-22,34.310001373291016,34.400001525878906,33.689998626708984,34.36199951171875,10900,34.24848937988281,0.0
AMID,2024-07-23,34.369998931884766,34.369998931884766,34.11000061035156,34.13999938964844,22200,34.0272216796875,0.0
AMID,2024-07-24,34.099998474121094,34.099998474121094,33.518001556396484,33.518001556396484,15300,33.40727615356445,0.0
AMID,2024-07-25,33.79100036621094,34.409000396728516,33.79100036621094,34.0099983215332,214800,33.897647857666016,0.0
AMID,2024-07-26,34.30400085449219,34.52000045776367,34.30400085449219,34.5099983215332,24700,34.39599609375,0.0
AMID,2024-07-29,34.619998931884766,34.619998931884766,34.349998474121094,34.47999954223633,105900,34.36609649658203,0.0
AMID,2024-07-30,34.685001373291016,34.69300079345703,34.5,34.630001068115234,4300,34.51560592651367,0.0
AMID,2024-07-31,35.0,35.0,34.33000183105469,34.63999938964844,7400,34.525569915771484,0.0
AMID,2024-08-01,34.65999984741211,34.65999984741211,33.65999984741211,33.900001525878906,15800,33.78801727294922,0.0
AMID,2024-08-02,32.869998931884766,32.97999954223633,32.72999954223633,32.959999084472656,21700,32.85111999511719,0.0
AMID,2024-08-05,31.600000381469727,32.459999084472656,31.329999923706055,32.32899856567383,11500,32.22220230102539,0.0
AMID,2024-08-06,32.71200180053711,32.869998931884766,32.560001373291016,32.619998931884766,8200,32.51224136352539,0.0
AMID,2024-08-07,33.119998931884766,33.119998931884766,32.310001373291016,32.31999969482422,4600,32.213233947753906,0.0
AMID,2024-08-08,32.560001373291016,32.91999816894531,32.560001373291016,32.91999816894531,1300,32.811248779296875,0.0
AMID,2024-08-09,32.880001068115234,33.09000015258789,32.880001068115234,33.08300018310547,1300,32.97371292114258,0.0
AMID,2024-08-12,33.130001068115234,33.130001068115234,32.82600021362305,32.82600021362305,1800,32.71756362915039,0.0
AMID,2024-08-13,33.25,33.40800094604492,33.150001525878906,33.40800094604492,3300,33.29764175415039,0.0
AMID,2024-08-14,33.68000030517578,33.68000030517578,33.369998931884766,33.439998626708984,1600,33.329532623291016,0.0
AMID,2024-08-15,33.9900016784668,34.06999969482422,33.939998626708984,34.04999923706055,6700,33.93751907348633,0.0
AMID,2024-08-16,33.84000015258789,34.04499816894531,33.84000015258789,33.95000076293945,13100,33.83784866333008,0.0
AMID,2024-08-19,34.130001068115234,34.2599983215332,34.119998931884766,34.2599983215332,7000,34.14682388305664,0.0
AMID,2024-08-20,33.959999084472656,34.2599983215332,33.959999084472656,34.04999923706055,13000,33.93751907348633,0.0
AMID,2024-08-21,34.150001525878906,34.52000045776367,34.150001525878906,34.52000045776367,10900,34.405967712402344,0.0
AMID,2024-08-22,35.459999084472656,35.459999084472656,34.25,34.33000183105469,7800,34.21659469604492,0.0
AMID,2024-08-23,34.630001068115234,35.0099983215332,34.630001068115234,35.0099983215332,4700,34.894344329833984,0.0
AMID,2024-08-26,35.029998779296875,35.05099868774414,34.75,34.75,52200,34.63520812988281,0.0
AMID,2024-08-27,34.59000015258789,34.779998779296875,34.59000015258789,34.619998931884766,3100,34.50563430786133,0.0
AMID,2024-08-28,34.68000030517578,34.68000030517578,34.5,34.56999969482422,3000,34.4557991027832,0.0
AMID,2024-08-29,34.93000030517578,34.93000030517578,34.577999114990234,34.650001525878906,7200,34.53553771972656,0.0
AMID,2024-08-30,34.9900016784668,34.9900016784668,34.527000427246094,34.88999938964844,8000,34.774742126464844,0.0
AMID,2024-09-03,34.95000076293945,34.95000076293945,34.060001373291016,34.060001373291016,2000,33.947486877441406,0.0
AMID,2024-09-04,34.130001068115234,34.189998626708984,34.040000915527344,34.18000030517578,5400,34.06708908081055,0.0
AMID,2024-09-05,33.97999954223633,33.97999954223633,33.84000015258789,33.84000015258789,500,33.728214263916016,0.0
AMID,2024-09-06,34.099998474121094,34.13999938964844,33.38999938964844,33.40999984741211,13400,33.29963302612305,0.0
AMID,2024-09-09,33.599998474121094,33.72999954223633,33.55400085449219,33.55400085449219,800,33.44315719604492,0.0
AMID,2024-09-10,33.56999969482422,33.599998474121094,33.369998931884766,33.599998474121094,7200,33.4890022277832,0.0
AMID,2024-09-11,33.209999084472656,33.84000015258789,33.209999084472656,33.83000183105469,1500,33.71824645996094,0.0
AMID,2024-09-12,33.900001525878906,34.060001373291016,33.900001525878906,34.060001373291016,1400,33.947486877441406,0.0
AMID,2024-09-13,34.66999816894531,34.66999816894531,34.470001220703125,34.54999923706055,4300,34.43586730957031,0.0
AMID,2024-09-16,34.83000183105469,34.95000076293945,34.83000183105469,34.95000076293945,2900,34.83454513549805,0.0
AMID,2024-09-17,35.029998779296875,35.130001068115234,35.02000045776367,35.130001068115234,2600,35.013954162597656,0.0
AMID,2024-09-18,35.119998931884766,35.119998931884766,34.939998626708984,34.939998626708984,700,34.82457733154297,0.0
AMID,2024-09-19,35.65999984741211,35.709999084472656,35.60499954223633,35.709999084472656,7400,35.59203338623047,0.0
AMID,2024-09-20,35.400001525878906,35.400001525878906,35.31999969482422,35.31999969482422,3500,35.20332336425781,0.0
AMID,2024-09-23,35.400001525878906,35.5099983215332,35.36000061035156,35.5099983215332,3800,35.39269256591797,0.0
AMID,2024-09-24,35.790000915527344,35.790000915527344,35.29999923706055,35.29999923706055,7300,35.183387756347656,0.0
AMID,2024-09-25,35.20500183105469,35.2400016784668,35.02000045776367,35.060001373291016,6700,34.944183349609375,0.0
AMID,2024-09-26,35.540000915527344,35.540000915527344,35.2599983215332,35.36000061035156,14800,35.24319076538086,0.0
AMID,2024-09-27,35.290000915527344,35.31999969482422,35.22999954223633,35.27000045776367,7100,35.15348815917969,0.0
AMID,2024-09-30,35.38999938964844,35.400001525878906,35.130001068115234,35.34000015258789,4500,35.22325897216797,0.0
AMID,2024-10-01,35.154998779296875,35.2400016784668,35.08300018310547,35.18000030517578,15500,35.063785552978516,0.0
AMID,2024-10-02,35.09000015258789,35.130001068115234,35.09000015258789,35.130001068115234,700,35.013954162597656,0.0
AMID,2024-10-03,34.86000061035156,35.0,34.86000061035156,35.0,9900,34.88438034057617,0.0
AMID,2024-10-04,35.0,35.09000015258789,35.0,35.09000015258789,700,34.974082946777344,0.0
AMID,2024-10-07,34.84000015258789,34.93000030517578,34.84000015258789,34.93000030517578,700,34.814613342285156,0.0
AMID,2024-10-08,35.20000076293945,35.20000076293945,35.20000076293945,35.20000076293945,2400,35.08372116088867,0.0
AMID,2024-10-09,35.44300079345703,35.47999954223633,35.41999816894531,35.47999954223633,1000,35.36279296875,0.0
AMID,2024-10-10,35.22999954223633,35.400001525878906,35.20000076293945,35.20000076293945,3400,35.08372116088867,0.0
AMID,2024-10-11,35.68000030517578,35.68000030517578,35.58000183105469,35.68000030517578,4100,35.5621337890625,0.0
AMID,2024-10-14,35.97999954223633,35.97999954223633,35.97999954223633,35.97999954223633,300,35.861141204833984,0.0
AMID,2024-10-15,36.06999969482422,36.25,35.81999969482422,35.81999969482422,4300,35.7016716003418,0.0
AMID,2024-10-16,35.970001220703125,36.13999938964844,35.970001220703125,36.130001068115234,5700,36.010650634765625,0.0
AMID,2024-10-17,35.880001068115234,36.040000915527344,35.880001068115234,36.040000915527344,1600,35.92094421386719,0.0
AMID,2024-10-18,36.0,36.08000183105469,35.939998626708984,35.939998626708984,2600,35.82127380371094,0.0
AMID,2024-10-21,35.82099914550781,35.82099914550781,35.5,35.52000045776367,20100,35.40266418457031,0.0
AMID,2024-10-22,35.22999954223633,35.22999954223633,35.06999969482422,35.22999954223633,700,35.11362075805664,0.0
AMID,2024-10-23,35.07600021362305,35.099998474121094,34.86000061035156,34.95000076293945,20400,34.83454513549805,0.0
AMID,2024-10-24,35.1349983215332,35.25,35.11000061035156,35.189998626708984,11600,35.073753356933594,0.0
AMID,2024-10-25,35.439998626708984,35.439998626708984,34.93000030517578,34.93000030517578,28800,34.814613342285156,0.0
AMID,2024-10-28,35.23400115966797,35.33000183105469,35.209999084472656,35.209999084472656,39500,35.093685150146484,0.0
AMID,2024-10-29,35.1349983215332,35.22999954223633,35.058998107910156,35.150001525878906,10900,35.03388595581055,0.0
AMID,2024-10-30,35.279998779296875,35.279998779296875,35.029998779296875,35.029998779296875,6000,34.91427993774414,0.0
AMID,2024-10-31,35.099998474121094,35.11000061035156,34.779998779296875,34.779998779296875,11900,34.66510772705078,0.0
AMID,2024-11-01,34.91999816894531,35.130001068115234,34.7400016784668,34.7400016784668,6300,34.625240325927734,0.0
AMID,2024-11-04,34.869998931884766,35.02000045776367,34.869998931884766,34.900001525878906,7700,34.78471374511719,0.0
AMID,2024-11-05,35.11000061035156,35.5,35.04999923706055,35.5,14700,35.382728576660156,0.0
AMID,2024-11-06,35.720001220703125,36.720001220703125,35.720001220703125,36.630001068115234,16500,36.50899887084961,0.0
AMID,2024-11-07,36.72999954223633,36.84000015258789,36.66999816894531,36.81999969482422,8800,36.698368072509766,0.0
AMID,2024-11-08,37.06999969482422,37.2599983215332,37.06999969482422,37.2599983215332,10200,37.13691329956055,0.0
AMID,2024-11-11,37.66999816894531,37.66999816894531,37.540000915527344,37.56999969482422,4400,37.445892333984375,0.0
AMID,2024-11-12,37.45000076293945,37.45000076293945,37.20100021362305,37.25,9400,37.126949310302734,0.0
AMID,2024-11-13,37.599998474121094,37.599998474121094,37.13999938964844,37.22999954223633,16200,37.10701370239258,0.0
AMID,2024-11-14,36.90999984741211,36.939998626708984,36.380001068115234,36.380001068115234,6400,36.259822845458984,0.0
AMID,2024-11-15,36.130001068115234,36.130001068115234,35.790000915527344,35.790000915527344,12200,35.67177200317383,0.0
AMID,2024-11-18,35.880001068115234,35.90999984741211,35.79199981689453,35.849998474121094,3000,35.731571197509766,0.0
AMID,2024-11-19,35.66999816894531,35.79199981689453,35.61000061035156,35.79199981689453,1200,35.673763275146484,0.0
AMID,2024-11-20,35.709999084472656,36.029998779296875,35.709999084472656,35.970001220703125,8300,35.85117721557617,0.0
AMID,2024-11-21,36.35499954223633,36.720001220703125,36.35499954223633,36.720001220703125,2000,36.59870147705078,0.0
AMID,2024-11-22,36.86000061035156,37.029998779296875,36.86000061035156,37.029998779296875,9400,36.90767288208008,0.0
AMID,2024-11-25,37.529998779296875,37.78900146484375,37.529998779296875,37.599998474121094,15400,37.475791931152344,0.0
AMID,2024-11-26,37.59000015258789,37.59000015258789,37.41999816894531,37.56999969482422,10700,37.445892333984375,0.0
AMID,2024-11-27,37.83000183105469,37.83000183105469,37.290000915527344,37.290000915527344,151800,37.16681671142578,0.0
AMID,2024-11-29,37.47700119018555,37.47700119018555,37.44499969482422,37.44499969482422,8500,37.32130432128906,0.0
AMID,2024-12-02,37.45000076293945,37.45000076293945,37.23500061035156,37.25,42900,37.126949310302734,0.0
AMID,2024-12-03,37.310001373291016,37.34000015258789,37.16999816894531,37.2400016784668,21700,37.116981506347656,0.0
AMID,2024-12-04,37.5,37.5,37.279998779296875,37.380001068115234,20800,37.25651931762695,0.0
AMID,2024-12-05,37.349998474121094,37.48899841308594,37.04999923706055,37.04999923706055,20900,36.927608489990234,0.0
AMID,2024-12-06,37.25,37.25,37.040000915527344,37.08000183105469,15200,36.95751190185547,0.0
AMID,2024-12-09,37.900001525878906,37.900001525878906,36.66999816894531,36.66999816894531,6500,36.54886245727539,0.0
AMID,2024-12-10,36.52000045776367,36.599998474121094,36.3489990234375,36.380001068115234,8000,36.259822845458984,0.0
AMID,2024-12-11,36.54999923706055,36.5989990234375,36.48400115966797,36.4900016784668,26400,36.36946105957031,0.0
AMID,2024-12-12,36.560001373291016,36.560001373291016,36.404998779296875,36.41999816894531,19300,36.299686431884766,0.0
AMID,2024-12-13,36.36000061035156,36.369998931884766,36.0099983215332,36.15999984741211,15600,36.040550231933594,0.0
AMID,2024-12-16,36.56399917602539,36.56399917602539,36.099998474121094,36.099998474121094,13200,35.98074722290039,0.0
AMID,2024-12-17,36.0099983215332,36.08000183105469,35.75299835205078,35.81999969482422,8900,35.7016716003418,0.0
AMID,2024-12-18,35.757999420166016,35.8390007019043,34.560001373291016,34.59000015258789,10000,34.47573471069336,0.0
AMID,2024-12-19,34.880001068115234,34.90999984741211,34.349998474121094,34.90999984741211,62200,34.794677734375,0.0
AMID,2024-12-20,34.40700149536133,34.9379997253418,34.402000427246094,34.65999984741211,14200,34.54550552368164,0.0
AMID,2024-12-23,34.564998626708984,34.650001525878906,34.3650016784668,34.56999969482422,26900,34.4557991027832,0.0
AMID,2024-12-24,34.63999938964844,34.93000030517578,34.63999938964844,34.93000030517578,34800,34.814613342285156,0.0
AMID,2024-12-26,34.858001708984375,35.06999969482422,34.83599853515625,34.88999938964844,7900,34.774742126464844,0.0
AMID,2024-12-27,34.65800094604492,34.66999816894531,34.35499954223633,34.5099983215332,27500,34.39599609375,0.0
AMID,2024-12-30,34.400001525878906,34.439998626708984,33.84000015258789,34.439998626708984,101700,34.439998626708984,0.114
AMID,2024-12-31,34.345001220703125,34.41999816894531,34.05699920654297,34.125,14400,34.125,0.0
AMID,2025-01-02,34.4900016784668,34.4900016784668,33.83000183105469,33.91999816894531,6600,33.91999816894531,0.0
AMID,2025-01-03,33.999000549316406,34.279998779296875,33.999000549316406,34.279998779296875,4200,34.279998779296875,0.0
AMID,2025-01-06,34.439998626708984,34.577999114990234,34.20000076293945,34.20000076293945,7100,34.20000076293945,0.0
AMID,2025-01-07,34.06999969482422,34.08399963378906,33.95000076293945,34.040000915527344,4000,34.040000915527344,0.0
AMID,2025-01-08,33.86399841308594,34.27000045776367,33.86399841308594,34.27000045776367,5900,34.27000045776367,0.0
AMID,2025-01-10,34.75,34.75,33.630001068115234,33.689998626708984,12300,33.689998626708984,0.0
AMID,2025-01-13,33.808998107910156,33.9900016784668,33.79499816894531,33.93000030517578,11600,33.93000030517578,0.0
AMID,2025-01-14,34.189998626708984,34.59000015258789,34.111000061035156,34.40999984741211,13000,34.40999984741211,0.0
AMID,2025-01-15,35.13999938964844,35.13999938964844,34.88399887084961,34.97999954223633,14800,34.97999954223633,0.0
AMID,2025-01-16,35.13399887084961,35.369998931884766,35.13100051879883,35.2400016784668,21700,35.2400016784668,0.0
AMID,2025-01-17,35.428001403808594,35.540000915527344,35.34000015258789,35.34000015258789,15800,35.34000015258789,0.0
AMID,2025-01-21,35.900001525878906,35.9900016784668,35.86600112915039,35.90999984741211,6000,35.90999984741211,0.0
AMID,2025-01-22,35.97999954223633,36.04999923706055,35.939998626708984,36.0,16500,36.0,0.0
AMID,2025-01-23,35.79999923706055,35.900001525878906,35.79999923706055,35.88999938964844,6400,35.88999938964844,0.0
AMID,2025-01-24,35.75,35.77000045776367,35.66999816894531,35.709999084472656,5100,35.709999084472656,0.0
AMID,2025-01-27,35.61000061035156,35.83000183105469,35.61000061035156,35.83000183105469,3900,35.83000183105469,0.0
AMID,2025-01-28,35.849998474121094,35.93000030517578,35.7599983215332,35.784000396728516,1600,35.784000396728516,0.0
AMID,2025-01-29,35.7400016784668,35.7400016784668,35.472999572753906,35.4900016784668,22100,35.4900016784668,0.0
AMID,2025-01-30,35.90999984741211,36.15999984741211,35.880001068115234,35.91999816894531,15600,35.91999816894531,0.0
AMID,2025-01-31,36.060001373291016,36.09000015258789,35.65999984741211,35.65999984741211,15000,35.65999984741211,0.0
AMID,2025-02-03,35.06999969482422,35.52000045776367,35.06999969482422,35.43000030517578,10400,35.43000030517578,0.0
AMID,2025-02-04,35.439998626708984,35.65999984741211,35.439998626708984,35.51300048828125,31800,35.51300048828125,0.0
AMID,2025-02-05,35.459999084472656,35.77000045776367,35.439998626708984,35.7599983215332,11200,35.7599983215332,0.0
AMID,2025-02-06,35.724998474121094,35.724998474121094,35.49800109863281,35.59000015258789,1100,35.59000015258789,0.0
AMID,2025-02-07,35.720001220703125,35.72999954223633,35.27000045776367,35.279998779296875,11200,35.279998779296875,0.0
AMID,2025-02-10,35.310001373291016,35.5,35.310001373291016,35.34000015258789,2800,35.34000015258789,0.0
AMID,2025-02-11,35.02399826049805,35.099998474121094,34.91999816894531,35.099998474121094,1800,35.099998474121094,0.0
AMID,2025-02-12,34.650001525878906,34.720001220703125,34.63999938964844,34.63999938964844,2300,34.63999938964844,0.0
AMID,2025-02-13,34.93000030517578,35.130001068115234,34.90999984741211,35.08399963378906,3300,35.08399963378906,0.0
AMID,2025-02-14,35.13999938964844,35.176998138427734,34.83000183105469,34.83000183105469,9400,34.83000183105469,0.0
AMID,2025-02-18,34.83000183105469,34.880001068115234,34.74599838256836,34.81999969482422,11100,34.81999969482422,0.0
AMID,2025-02-19,34.77000045776367,34.84000015258789,34.61000061035156,34.79999923706055,12600,34.79999923706055,0.0
AMID,2025-02-20,34.18000030517578,34.220001220703125,34.130001068115234,34.15999984741211,16800,34.15999984741211,0.0
AMID,2025-02-21,33.849998474121094,33.849998474121094,33.28499984741211,33.349998474121094,21400,33.349998474121094,0.0
AMID,2025-02-24,33.560001373291016,33.560001373291016,33.209999084472656,33.2599983215332,1700,33.2599983215332,0.0
AMID,2025-02-25,33.459999084472656,33.547000885009766,33.150001525878906,33.47999954223633,4800,33.47999954223633,0.0
AMID,2025-02-26,33.58000183105469,33.71900177001953,33.310001373291016,33.349998474121094,44100,33.349998474121094,0.0
AMID,2025-02-27,33.310001373291016,33.41999816894531,32.95000076293945,33.02000045776367,27100,33.02000045776367,0.0
AMID,2025-02-28,32.96500015258789,33.06999969482422,32.7400016784668,33.06999969482422,53000,33.06999969482422,0.0
AMID,2025-03-03,33.279998779296875,33.279998779296875,32.38999938964844,32.4900016784668,30800,32.4900016784668,0.0
AMID,2025-03-04,32.150001525878906,32.459999084472656,31.719999313354492,32.099998474121094,100500,32.099998474121094,0.0
AMID,2025-03-05,32.209999084472656,32.45100021362305,31.974000930786133,32.40999984741211,152000,32.40999984741211,0.0
AMID,2025-03-06,32.08000183105469,32.08000183105469,31.760000228881836,31.860000610351562,3800,31.860000610351562,0.0
AMID,2025-03-07,31.81999969482422,32.07400131225586,31.309999465942383,31.979999542236328,8200,31.979999542236328,0.0
AMID,2025-03-10,31.670000076293945,31.760000228881836,31.110000610351562,31.290000915527344,34300,31.290000915527344,0.0
AMID,2025-03-11,31.280000686645508,31.364999771118164,30.979999542236328,31.049999237060547,1600,31.049999237060547,0.0
AMID,2025-03-12,31.190000534057617,31.209999084472656,30.8799991607666,31.040000915527344,13600,31.040000915527344,0.0
AMID,2025-03-13,31.010000228881836,31.010000228881836,30.420000076293945,30.420000076293945,7200,30.420000076293945,0.0
AMID,2025-03-14,31.020000457763672,31.114999771118164,31.0,31.110000610351562,8000,31.110000610351562,0.0
AMID,2025-03-17,31.110000610351562,31.68000030517578,31.110000610351562,31.56999969482422,22600,31.56999969482422,0.0
AMID,2025-03-18,31.440000534057617,31.739999771118164,31.290000915527344,31.40999984741211,23400,31.40999984741211,0.0
AMID,2025-03-19,31.479999542236328,31.8700008392334,31.479999542236328,31.790000915527344,11700,31.790000915527344,0.0
AMID,2025-03-20,31.479999542236328,31.770000457763672,31.479999542236328,31.479999542236328,3800,31.479999542236328,0.0
AMID,2025-03-21,31.149999618530273,31.3700008392334,31.149999618530273,31.3700008392334,8500,31.3700008392334,0.0
AMID,2025-03-24,31.860000610351562,32.16999816894531,31.860000610351562,32.16999816894531,3500,32.16999816894531,0.0
AMID,2025-03-25,32.24100112915039,32.24100112915039,32.11800003051758,32.189998626708984,11300,32.189998626708984,0.0
AMID,2025-03-26,32.24599838256836,32.29999923706055,31.989999771118164,32.0,4500,32.0,0.0
AMID,2025-03-27,31.709999084472656,31.979999542236328,31.708999633789062,31.850000381469727,15400,31.850000381469727,0.0
AMID,2025-03-28,31.829999923706055,31.829999923706055,31.290000915527344,31.34000015258789,9100,31.34000015258789,0.0
AMID,2025-03-31,31.06999969482422,31.540000915527344,31.049999237060547,31.489999771118164,23000,31.489999771118164,0.0
AMID,2025-04-01,31.270000457763672,31.809999465942383,31.270000457763672,31.739999771118164,7100,31.739999771118164,0.0
AMID,2025-04-02,31.84000015258789,32.16999816894531,31.84000015258789,32.16999816894531,2000,32.16999816894531,0.0
AMID,2025-04-03,30.81999969482422,30.969999313354492,30.610000610351562,30.6299991607666,22500,30.6299991607666,0.0
AMID,2025-04-04,29.709999084472656,29.798999786376953,29.100000381469727,29.260000228881836,34900,29.260000228881836,0.0
AMID,2025-04-07,28.18000030517578,29.3799991607666,28.045000076293945,29.049999237060547,43700,29.049999237060547,0.0
AMID,2025-04-08,29.959999084472656,29.959999084472656,28.270000457763672,28.735000610351562,2900,28.735000610351562,0.0
AMID,2025-04-09,28.270000457763672,31.260000228881836,28.270000457763672,31.260000228881836,90200,31.260000228881836,0.0
AMID,2025-04-10,30.559999465942383,30.559999465942383,29.614999771118164,30.200000762939453,8500,30.200000762939453,0.0
AMID,2025-04-11,30.020000457763672,30.68000030517578,29.739999771118164,30.610000610351562,14500,30.610000610351562,0.0
AMID,2025-04-14,31.1299991607666,31.1299991607666,30.770999908447266,31.1200008392334,1700,31.1200008392334,0.0
AMID,2025-04-15,31.059999465942383,31.280000686645508,30.979999542236328,31.030000686645508,26400,31.030000686645508,0.0
AMID,2025-04-16,30.81999969482422,30.829999923706055,30.350000381469727,30.600000381469727,7500,30.600000381469727,0.0
AMID,2025-04-17,30.670000076293945,30.959999084472656,30.610000610351562,30.739999771118164,10500,30.739999771118164,0.0
AMID,2025-04-21,30.242000579833984,30.242000579833984,29.746000289916992,29.93000030517578,8800,29.93000030517578,0.0
AMID,2025-04-22,30.309999465942383,30.690000534057617,30.309999465942383,30.649999618530273,3900,30.649999618530273,0.0
AMID,2025-04-23,31.6200008392334,31.889999389648438,31.131999969482422,31.15999984741211,10100,31.15999984741211,0.0
AMID,2025-04-24,31.170000076293945,31.56999969482422,31.170000076293945,31.516000747680664,44300,31.516000747680664,0.0
AMID,2025-04-25,31.309999465942383,31.43000030517578,31.15999984741211,31.290000915527344,30500,31.290000915527344,0.0
AMID,2025-04-28,31.490999221801758,31.507999420166016,31.100000381469727,31.3700008392334,39700,31.3700008392334,0.0
AMID,2025-04-29,31.40999984741211,31.709999084472656,31.371000289916992,31.600000381469727,17800,31.600000381469727,0.0
AMID,2025-04-30,31.229999542236328,31.75,31.040000915527344,31.68000030517578,10300,31.68000030517578,0.0
AMID,2025-05-01,31.93000030517578,32.06999969482422,31.719999313354492,31.719999313354492,14500,31.719999313354492,0.0
AMID,2025-05-02,32.13999938964844,32.29999923706055,32.119998931884766,32.2599983215332,13400,32.2599983215332,0.0
AMID,2025-05-05,32.13999938964844,32.45000076293945,32.13999938964844,32.22999954223633,42900,32.22999954223633,0.0
AMID,2025-05-06,32.099998474121094,32.27000045776367,31.854999542236328,32.029998779296875,38200,32.029998779296875,0.0
AMID,2025-05-07,32.13999938964844,32.279998779296875,31.989999771118164,32.150001525878906,22300,32.150001525878906,0.0
AMID,2025-05-08,32.290000915527344,32.6150016784668,32.26499938964844,32.31999969482422,21900,32.31999969482422,0.0
AMID,2025-05-09,32.38999938964844,32.4900016784668,32.25299835205078,32.32500076293945,16200,32.32500076293945,0.0
AMID,2025-05-12,33.439998626708984,33.439998626708984,33.025001525878906,33.349998474121094,69200,33.349998474121094,0.0
AMID,2025-05-13,33.43000030517578,33.736000061035156,33.43000030517578,33.54999923706055,8500,33.54999923706055,0.0
AMID,2025-05-14,33.459999084472656,33.459999084472656,33.22999954223633,33.25,7800,33.25,0.0
AMID,2025-05-15,33.130001068115234,33.529998779296875,33.130001068115234,33.4900016784668,9800,33.4900016784668,0.0
AMID,2025-05-16,33.63100051879883,33.900001525878906,33.62200164794922,33.84000015258789,12900,33.84000015258789,0.0
AMID,2025-05-19,33.63999938964844,33.810001373291016,33.63999938964844,33.720001220703125,9300,33.720001220703125,0.0
AMID,2025-05-20,33.66999816894531,33.66999816894531,33.47999954223633,33.5,6300,33.5,0.0
AMID,2025-05-21,33.0099983215332,33.099998474121094,32.650001525878906,32.650001525878906,2400,32.650001525878906,0.0
AMID,2025-05-22,32.492000579833984,32.7599983215332,32.492000579833984,32.599998474121094,13900,32.599998474121094,0.0
AMID,2025-05-23,32.138999938964844,32.33000183105469,31.940000534057617,32.290000915527344,10900,32.290000915527344,0.0
AMID,2025-05-27,32.56999969482422,32.810001373291016,32.51300048828125,32.810001373291016,17800,32.810001373291016,0.0
AMID,2025-05-28,32.61000061035156,32.65999984741211,32.43000030517578,32.43000030517578,6800,32.43000030517578,0.0
AMID,2025-05-29,32.400001525878906,32.52000045776367,32.33000183105469,32.52000045776367,3600,32.52000045776367,0.0
AMID,2025-05-30,32.34000015258789,32.52000045776367,32.22999954223633,32.369998931884766,6700,32.369998931884766,0.0
AMID,2025-06-02,31.889999389648438,32.25,31.8799991607666,32.25,10000,32.25,0.0
AMID,2025-06-03,32.17300033569336,32.70000076293945,32.17300033569336,32.70000076293945,7300,32.70000076293945,0.0
AMID,2025-06-04,32.7140007019043,32.823001861572266,32.709999084472656,32.709999084472656,7800,32.709999084472656,0.0
AMID,2025-06-05,32.441001892089844,32.650001525878906,32.441001892089844,32.54999923706055,36000,32.54999923706055,0.0
AMID,2025-06-06,32.880001068115234,32.880001068115234,32.79499816894531,32.81999969482422,4200,32.81999969482422,0.0
AMID,2025-06-09,33.150001525878906,33.150001525878906,32.52000045776367,32.689998626708984,25600,32.689998626708984,0.0
AMID,2025-06-10,32.790000915527344,32.880001068115234,32.68000030517578,32.7599983215332,5900,32.7599983215332,0.0
AMID,2025-06-11,32.85300064086914,32.93000030517578,32.57500076293945,32.650001525878906,13500,32.650001525878906,0.0
AMID,2025-06-12,32.59000015258789,32.779998779296875,32.59000015258789,32.779998779296875,20200,32.779998779296875,0.0
AMID,2025-06-13,32.47999954223633,32.5989990234375,32.209999084472656,32.25,12200,32.25,0.0
AMID,2025-06-16,32.45000076293945,32.650001525878906,32.334999084472656,32.40999984741211,9800,32.40999984741211,0.0
AMID,2025-06-17,32.31999969482422,32.34000015258789,32.15999984741211,32.18000030517578,12900,32.18000030517578,0.0
AMID,2025-06-18,32.31999969482422,32.43199920654297,32.220001220703125,32.27000045776367,17500,32.27000045776367,0.0
AMID,2025-06-20,32.349998474121094,32.349998474121094,32.18000030517578,32.310001373291016,4500,32.310001373291016,0.0
AMID,2025-06-23,32.310001373291016,32.7400016784668,32.22999954223633,32.7400016784668,3100,32.7400016784668,0.0
AMID,2025-06-24,32.93000030517578,33.11000061035156,32.92900085449219,33.0099983215332,4900,33.0099983215332,0.0
AMID,2025-06-25,32.91999816894531,32.91999816894531,32.720001220703125,32.720001220703125,3500,32.720001220703125,0.0
AMID,2025-06-26,32.959999084472656,33.0099983215332,32.869998931884766,32.959999084472656,4100,32.959999084472656,0.0
AMID,2025-06-27,33.06999969482422,33.310001373291016,32.992000579833984,33.099998474121094,13100,33.099998474121094,0.0
AMID,2025-06-30,33.18000030517578,33.27000045776367,33.18000030517578,33.2599983215332,2300,33.2599983215332,0.0
AMID,2025-07-01,33.209999084472656,33.650001525878906,33.20000076293945,33.56999969482422,2600,33.56999969482422,0.0
AMID,2025-07-02,33.529998779296875,33.65999984741211,33.41999816894531,33.650001525878906,16400,33.650001525878906,0.0
AMID,2025-07-03,33.66999816894531,33.93000030517578,33.66999816894531,33.93000030517578,1300,33.93000030517578,0.0
AMID,2025-07-07,33.70000076293945,33.888999938964844,33.606998443603516,33.779998779296875,4000,33.779998779296875,0.0
AMID,2025-07-08,33.7400016784668,33.779998779296875,33.72800064086914,33.7400016784668,1200,33.7400016784668,0.0
AMID,2025-07-09,33.86000061035156,33.90999984741211,33.6349983215332,33.849998474121094,10700,33.849998474121094,0.0
AMID,2025-07-10,33.83000183105469,34.099998474121094,33.83000183105469,33.93000030517578,5100,33.93000030517578,0.0
AMID,2025-07-11,33.66999816894531,33.66999816894531,33.470001220703125,33.470001220703125,9400,33.470001220703125,0.0
AMID,2025-07-14,33.540000915527344,33.70800018310547,33.500999450683594,33.630001068115234,2600,33.630001068115234,0.0
AMID,2025-07-15,33.630001068115234,33.630001068115234,33.060001373291016,33.060001373291016,14600,33.060001373291016,0.0
AMID,2025-07-16,33.16699981689453,33.27399826049805,33.08000183105469,33.27399826049805,2700,33.27399826049805,0.0
AMID,2025-07-17,33.54999923706055,33.75,33.53200149536133,33.70199966430664,4800,33.70199966430664,0.0
AMID,2025-07-18,33.81999969482422,33.86000061035156,33.54100036621094,33.604000091552734,900,33.604000091552734,0.0
AMID,2025-07-21,33.540000915527344,33.61000061035156,33.323001861572266,33.323001861572266,4200,33.323001861572266,0.0
AMID,2025-07-22,33.97999954223633,34.15999984741211,33.97999954223633,34.117000579833984,6800,34.117000579833984,0.0
AMID,2025-07-23,34.4370002746582,34.4370002746582,34.16999816894531,34.266998291015625,10200,34.266998291015625,0.0
AMID,2025-07-24,34.310001373291016,34.38999938964844,34.29999923706055,34.34000015258789,3300,34.34000015258789,0.0
AMID,2025-07-25,34.58000183105469,34.6870002746582,34.53499984741211,34.672000885009766,700,34.672000885009766,0.0
AMID,2025-07-28,34.65999984741211,34.69499969482422,34.5099983215332,34.55799865722656,6000,34.55799865722656,0.0
AMID,2025-07-29,34.63999938964844,34.68000030517578,34.439998626708984,34.547000885009766,12500,34.547000885009766,0.0
AMID,2025-07-30,34.599998474121094,34.75,34.46699905395508,34.46699905395508,10900,34.46699905395508,0.0
AMID,2025-07-31,34.52000045776367,34.52000045776367,33.93000030517578,33.93000030517578,1200,33.93000030517578,0.0
AMID,2025-08-01,33.290000915527344,33.617000579833984,33.130001068115234,33.59199905395508,6300,33.59199905395508,0.0
AMID,2025-08-04,33.779998779296875,34.06800079345703,33.779998779296875,34.06800079345703,13200,34.06800079345703,0.0
AMID,2025-08-05,33.849998474121094,34.02000045776367,33.849998474121094,33.9900016784668,2600,33.9900016784668,0.0
AMID,2025-08-06,33.90599822998047,33.94200134277344,33.840999603271484,33.85200119018555,4500,33.85200119018555,0.0
AMID,2025-08-07,33.72600173950195,33.72600173950195,33.2599983215332,33.310001373291016,1500,33.310001373291016,0.0
AMID,2025-08-08,33.38999938964844,33.560001373291016,33.37099838256836,33.37099838256836,2000,33.37099838256836,0.0
AMID,2025-08-11,33.52000045776367,33.52000045776367,33.34000015258789,33.34000015258789,1100,33.34000015258789,0.0
AMID,2025-08-12,33.68000030517578,34.060001373291016,33.68000030517578,34.060001373291016,1700,34.060001373291016,0.0
AMID,2025-08-13,34.25,34.540000915527344,34.25,34.540000915527344,1700,34.540000915527344,0.0
AMID,2025-08-14,34.31999969482422,34.31999969482422,34.08700180053711,34.14500045776367,17200,34.14500045776367,0.0
AMID,2025-08-15,34.17900085449219,34.17900085449219,33.987998962402344,33.987998962402344,3300,33.987998962402344,0.0
AMID,2025-08-18,34.04999923706055,34.066001892089844,34.02000045776367,34.066001892089844,12100,34.066001892089844,0.0
AMID,2025-08-19,34.150001525878906,34.189998626708984,34.150001525878906,34.1870002746582,3600,34.1870002746582,0.0
AMID,2025-08-20,34.09000015258789,34.150001525878906,34.058998107910156,34.082000732421875,4200,34.082000732421875,0.0
AMID,2025-08-21,33.90299987792969,34.00299835205078,33.869998931884766,33.930999755859375,4800,33.930999755859375,0.0
AMID,2025-08-22,34.130001068115234,34.72700119018555,34.130001068115234,34.72700119018555,1100,34.72700119018555,0.0
AMID,2025-08-25,34.5,34.63999938964844,34.433998107910156,34.433998107910156,10600,34.433998107910156,0.0
AMID,2025-08-26,34.459999084472656,34.61000061035156,34.459999084472656,34.55699920654297,4300,34.55699920654297,0.0
AMID,2025-08-27,34.66999816894531,34.7599983215332,34.63999938964844,34.729000091552734,14500,34.729000091552734,0.0
AMID,2025-08-28,34.70000076293945,34.737998962402344,34.630001068115234,34.737998962402344,16900,34.737998962402344,0.0
AMID,2025-08-29,34.779998779296875,34.779998779296875,34.5,34.595001220703125,10500,34.595001220703125,0.0
AMID,2025-09-02,34.119998931884766,34.33599853515625,34.095001220703125,34.33599853515625,7600,34.33599853515625,0.0
AMID,2025-09-03,34.233001708984375,34.249000549316406,34.02000045776367,34.145999908447266,9400,34.145999908447266,0.0
AMID,2025-09-04,34.2400016784668,34.68199920654297,34.2400016784668,34.68199920654297,4600,34.68199920654297,0.0
AMID,2025-09-05,34.849998474121094,34.849998474121094,34.45500183105469,34.68600082397461,1100,34.68600082397461,0.0
AMID,2025-09-08,34.72999954223633,34.80500030517578,34.4900016784668,34.80500030517578,4000,34.80500030517578,0.0
AMID,2025-09-09,34.40999984741211,34.4900016784668,34.40999984741211,34.459999084472656,4800,34.459999084472656,0.0
AMID,2025-09-10,34.54999923706055,34.54999923706055,34.24399948120117,34.369998931884766,3500,34.369998931884766,0.0
AMID,2025-09-11,35.04999923706055,35.09000015258789,34.56999969482422,35.029998779296875,3200,35.029998779296875,0.0
AMID,2025-09-12,34.939998626708984,34.939998626708984,34.555999755859375,34.555999755859375,2700,34.555999755859375,0.0
AMID,2025-09-15,34.619998931884766,34.619998931884766,34.42100143432617,34.5,29400,34.5,0.0
AMID,2025-09-16,34.31999969482422,34.400001525878906,34.29499816894531,34.400001525878906,5000,34.400001525878906,0.0
AMID,2025-09-17,34.540000915527344,34.58000183105469,34.222999572753906,34.222999572753906,13400,34.222999572753906,0.0
AMID,2025-09-18,34.433998107910156,34.68000030517578,34.40999984741211,34.553001403808594,1900,34.553001403808594,0.0
AMID,2025-09-19,34.65999984741211,34.65999984741211,34.327999114990234,34.38199996948242,1000,34.38199996948242,0.0
AMID,2025-09-22,34.209999084472656,34.470001220703125,34.209999084472656,34.4379997253418,5800,34.4379997253418,0.0
AMID,2025-09-23,34.47999954223633,34.62900161743164,34.229000091552734,34.29199981689453,1700,34.29199981689453,0.0
AMID,2025-09-24,34.27000045776367,34.27000045776367,33.96900177001953,33.974998474121094,1500,33.974998474121094,0.0
AMID,2025-09-25,33.77000045776367,33.77000045776367,33.61000061035156,33.619998931884766,2500,33.619998931884766,0.0
AMID,2025-09-26,33.810001373291016,33.92499923706055,33.810001373291016,33.92499923706055,1100,33.92499923706055,0.0
AMID,2025-09-29,33.93000030517578,33.959999084472656,33.869998931884766,33.90700149536133,9600,33.90700149536133,0.0
