symbol,date,open,high,low,close,volume,adjclose,splits
GNS,2022-04-12,166.1999969482422,367.5,130.8000030517578,305.0,119640,305.0,0.0
GNS,2022-04-13,288.6000061035156,349.79998779296875,185.0,194.3000030517578,338570,194.3000030517578,0.0
GNS,2022-04-14,195.6999969482422,209.35000610351562,66.0,79.5,673480,79.5,0.0
GNS,2022-04-18,66.5,71.4000015258789,60.79999923706055,63.5,111440,63.5,0.0
GNS,2022-04-19,64.0,64.80000305175781,58.5,60.70000076293945,44690,60.70000076293945,0.0
GNS,2022-04-20,60.29999923706055,63.099998474121094,57.0,58.0,51910,58.0,0.0
GNS,2022-04-21,58.599998474121094,62.29999923706055,56.599998474121094,57.70000076293945,46320,57.70000076293945,0.0
GNS,2022-04-22,56.400001525878906,74.56999969482422,56.400001525878906,62.29999923706055,316220,62.29999923706055,0.0
GNS,2022-04-25,59.70000076293945,61.29999923706055,55.400001525878906,59.70000076293945,24990,59.70000076293945,0.0
GNS,2022-04-26,56.5,65.33000183105469,56.5,58.099998474121094,54920,58.099998474121094,0.0
GNS,2022-04-27,59.5,71.30000305175781,57.5,61.20000076293945,322380,61.20000076293945,0.0
GNS,2022-04-28,59.400001525878906,61.5,54.54999923706055,59.599998474121094,74960,59.599998474121094,0.0
GNS,2022-04-29,57.099998474121094,74.9000015258789,56.0,57.5,173730,57.5,0.0
GNS,2022-05-02,56.400001525878906,59.13999938964844,53.70000076293945,57.099998474121094,30480,57.099998474121094,0.0
GNS,2022-05-03,57.099998474121094,64.0999984741211,56.20000076293945,62.099998474121094,228080,62.099998474121094,0.0
GNS,2022-05-04,60.79999923706055,70.0,58.20000076293945,59.900001525878906,108470,59.900001525878906,0.0
GNS,2022-05-05,59.29999923706055,63.5,55.5,56.5,58230,56.5,0.0
GNS,2022-05-06,56.599998474121094,59.099998474121094,50.70000076293945,57.5,21600,57.5,0.0
GNS,2022-05-09,57.400001525878906,60.099998474121094,57.0,57.400001525878906,33900,57.400001525878906,0.0
GNS,2022-05-10,57.0,60.5,56.599998474121094,57.02000045776367,54400,57.02000045776367,0.0
GNS,2022-05-11,57.0,61.20000076293945,56.5,58.099998474121094,31780,58.099998474121094,0.0
GNS,2022-05-12,58.0,61.5,55.20000076293945,58.099998474121094,21290,58.099998474121094,0.0
GNS,2022-05-13,58.099998474121094,60.0,58.099998474121094,59.400001525878906,5830,59.400001525878906,0.0
GNS,2022-05-16,58.79999923706055,60.70000076293945,58.099998474121094,60.0,5410,60.0,0.0
GNS,2022-05-17,59.91999816894531,60.400001525878906,58.0,60.0,17810,60.0,0.0
GNS,2022-05-18,58.79999923706055,61.900001525878906,58.5,58.5,3060,58.5,0.0
GNS,2022-05-19,58.599998474121094,66.5999984741211,57.900001525878906,64.0,120600,64.0,0.0
GNS,2022-05-20,66.30000305175781,66.4000015258789,57.900001525878906,61.0,116690,61.0,0.0
GNS,2022-05-23,60.5,61.20000076293945,59.900001525878906,59.900001525878906,1290,59.900001525878906,0.0
GNS,2022-05-24,59.0,62.20000076293945,59.0,61.70000076293945,7250,61.70000076293945,0.0
GNS,2022-05-25,62.25,68.19999694824219,61.900001525878906,67.4000015258789,12740,67.4000015258789,0.0
GNS,2022-05-26,68.80000305175781,78.9000015258789,66.4000015258789,78.0,23750,78.0,0.0
GNS,2022-05-27,75.80000305175781,80.0,74.0,77.4000015258789,6290,77.4000015258789,0.0
GNS,2022-05-31,84.80000305175781,92.19999694824219,77.5,82.0999984741211,74110,82.0999984741211,0.0
GNS,2022-06-01,80.69999694824219,81.19999694824219,70.9000015258789,77.0999984741211,9990,77.0999984741211,0.0
GNS,2022-06-02,74.9000015258789,80.9000015258789,72.69999694824219,78.0,3870,78.0,0.0
GNS,2022-06-03,75.80000305175781,85.6500015258789,75.80000305175781,83.5,10660,83.5,0.0
GNS,2022-06-06,84.0999984741211,85.0999984741211,81.4000015258789,83.30000305175781,12720,83.30000305175781,0.0
GNS,2022-06-07,85.19999694824219,87.0,81.0,84.69999694824219,17590,84.69999694824219,0.0
GNS,2022-06-08,90.0,90.88999938964844,86.05999755859375,87.5,11830,87.5,0.0
GNS,2022-06-09,86.87999725341797,91.31999969482422,78.5,82.69999694824219,14340,82.69999694824219,0.0
GNS,2022-06-10,80.9000015258789,85.0999984741211,80.9000015258789,83.30000305175781,3730,83.30000305175781,0.0
GNS,2022-06-13,78.0999984741211,85.44999694824219,78.0999984741211,84.0999984741211,3680,84.0999984741211,0.0
GNS,2022-06-14,83.4000015258789,94.19999694824219,80.12000274658203,94.0999984741211,14360,94.0999984741211,0.0
GNS,2022-06-15,95.5,95.69999694824219,89.0,93.30000305175781,6720,93.30000305175781,0.0
GNS,2022-06-16,90.9000015258789,93.69999694824219,89.0,91.19999694824219,6390,91.19999694824219,0.0
GNS,2022-06-17,91.69999694824219,96.9000015258789,91.69999694824219,96.80000305175781,2230,96.80000305175781,0.0
GNS,2022-06-21,97.9000015258789,109.5,97.9000015258789,105.5999984741211,18240,105.5999984741211,0.0
GNS,2022-06-22,105.5999984741211,109.69999694824219,101.69999694824219,106.80000305175781,11510,106.80000305175781,0.0
GNS,2022-06-23,110.56999969482422,111.0,93.9000015258789,95.5999984741211,32680,95.5999984741211,0.0
GNS,2022-06-24,102.5999984741211,104.69999694824219,62.29999923706055,65.5,42640,65.5,0.0
GNS,2022-06-27,62.79999923706055,69.9000015258789,60.099998474121094,65.19999694824219,35750,65.19999694824219,0.0
GNS,2022-06-28,65.5,66.9000015258789,62.400001525878906,63.29999923706055,25020,63.29999923706055,0.0
GNS,2022-06-29,64.5999984741211,64.69999694824219,56.79999923706055,59.0,16150,59.0,0.0
GNS,2022-06-30,58.79999923706055,61.20000076293945,57.70000076293945,59.0,43760,59.0,0.0
GNS,2022-07-01,57.900001525878906,59.70000076293945,57.79999923706055,59.70000076293945,41430,59.70000076293945,0.0
GNS,2022-07-05,58.70000076293945,63.400001525878906,58.5,61.900001525878906,43490,61.900001525878906,0.0
GNS,2022-07-06,61.099998474121094,66.0,59.099998474121094,59.599998474121094,43330,59.599998474121094,0.0
GNS,2022-07-07,61.900001525878906,66.4000015258789,58.70000076293945,64.69999694824219,44010,64.69999694824219,0.0
GNS,2022-07-08,64.0999984741211,67.5,59.0,60.0,37660,60.0,0.0
GNS,2022-07-11,59.900001525878906,66.87999725341797,57.099998474121094,58.5,25440,58.5,0.0
GNS,2022-07-12,59.599998474121094,62.5,57.5,61.0,57190,61.0,0.0
GNS,2022-07-13,60.5,63.79999923706055,58.599998474121094,59.0,60980,59.0,0.0
GNS,2022-07-14,58.599998474121094,62.29999923706055,58.29999923706055,59.599998474121094,56610,59.599998474121094,0.0
GNS,2022-07-15,59.70000076293945,62.900001525878906,53.599998474121094,55.599998474121094,29570,55.599998474121094,0.0
GNS,2022-07-18,56.599998474121094,60.29999923706055,55.0,56.099998474121094,60700,56.099998474121094,0.0
GNS,2022-07-19,55.79999923706055,57.79999923706055,53.099998474121094,54.900001525878906,33710,54.900001525878906,0.0
GNS,2022-07-20,54.5,56.5,53.5,55.5,34080,55.5,0.0
GNS,2022-07-21,54.599998474121094,58.5,54.599998474121094,57.599998474121094,33140,57.599998474121094,0.0
GNS,2022-07-22,57.0,58.599998474121094,53.5,53.5,32470,53.5,0.0
GNS,2022-07-25,54.0,54.900001525878906,47.0,47.900001525878906,28030,47.900001525878906,0.0
GNS,2022-07-26,48.5,50.0,41.099998474121094,41.599998474121094,37620,41.599998474121094,0.0
GNS,2022-07-27,41.70000076293945,43.599998474121094,34.5,38.20000076293945,26050,38.20000076293945,0.0
GNS,2022-07-28,37.5,46.20000076293945,34.900001525878906,39.79999923706055,48240,39.79999923706055,0.0
GNS,2022-07-29,40.20000076293945,41.0,35.5,39.0,44600,39.0,0.0
GNS,2022-08-01,38.099998474121094,43.599998474121094,38.099998474121094,39.5,17260,39.5,0.0
GNS,2022-08-02,39.0,41.900001525878906,35.599998474121094,39.79999923706055,17430,39.79999923706055,0.0
GNS,2022-08-03,39.400001525878906,44.400001525878906,37.099998474121094,38.900001525878906,37030,38.900001525878906,0.0
GNS,2022-08-04,40.900001525878906,43.0,39.0,41.70000076293945,11760,41.70000076293945,0.0
GNS,2022-08-05,40.79999923706055,42.29999923706055,37.70000076293945,38.900001525878906,14630,38.900001525878906,0.0
GNS,2022-08-08,38.599998474121094,42.400001525878906,37.70000076293945,39.70000076293945,13260,39.70000076293945,0.0
GNS,2022-08-09,39.0,42.599998474121094,38.0,39.900001525878906,15580,39.900001525878906,0.0
GNS,2022-08-10,40.0,51.0,39.43000030517578,47.29999923706055,37910,47.29999923706055,0.0
GNS,2022-08-11,47.599998474121094,51.70000076293945,46.0,48.900001525878906,19080,48.900001525878906,0.0
GNS,2022-08-12,48.5,54.0,47.79999923706055,51.79999923706055,20080,51.79999923706055,0.0
GNS,2022-08-15,53.70000076293945,59.70000076293945,52.70000076293945,59.400001525878906,13320,59.400001525878906,0.0
GNS,2022-08-16,60.29999923706055,64.19999694824219,56.5,62.599998474121094,24580,62.599998474121094,0.0
GNS,2022-08-17,62.20000076293945,69.0,62.20000076293945,63.79999923706055,18960,63.79999923706055,0.0
GNS,2022-08-18,65.19999694824219,105.9000015258789,64.5,85.0999984741211,60760,85.0999984741211,0.0
GNS,2022-08-19,99.0,118.0,70.69999694824219,77.5,121370,77.5,0.0
GNS,2022-08-22,74.30000305175781,74.30000305175781,49.0,51.70000076293945,43060,51.70000076293945,0.0
GNS,2022-08-23,51.099998474121094,53.04999923706055,32.29999923706055,35.900001525878906,70510,35.900001525878906,0.0
GNS,2022-08-24,35.70000076293945,36.599998474121094,27.100000381469727,29.200000762939453,65300,29.200000762939453,0.0
GNS,2022-08-25,30.5,30.5,26.0,26.899999618530273,32650,26.899999618530273,0.0
GNS,2022-08-26,28.600000381469727,28.600000381469727,26.0,26.200000762939453,12720,26.200000762939453,0.0
GNS,2022-08-29,25.600000381469727,26.600000381469727,23.5,26.299999237060547,25310,26.299999237060547,0.0
GNS,2022-08-30,27.0,27.0,24.600000381469727,25.200000762939453,16780,25.200000762939453,0.0
GNS,2022-08-31,25.100000381469727,27.200000762939453,24.229999542236328,26.5,44470,26.5,0.0
GNS,2022-09-01,26.5,27.399999618530273,24.299999237060547,24.299999237060547,19050,24.299999237060547,0.0
GNS,2022-09-02,24.899999618530273,26.299999237060547,23.799999237060547,24.100000381469727,14370,24.100000381469727,0.0
GNS,2022-09-06,24.299999237060547,25.899999618530273,23.899999618530273,25.0,15050,25.0,0.0
GNS,2022-09-07,24.799999237060547,26.100000381469727,23.899999618530273,24.399999618530273,26230,24.399999618530273,0.0
GNS,2022-09-08,24.399999618530273,27.0,24.299999237060547,25.700000762939453,20230,25.700000762939453,0.0
GNS,2022-09-09,26.700000762939453,27.5,24.200000762939453,25.200000762939453,37550,25.200000762939453,0.0
GNS,2022-09-12,25.0,26.5,24.5,25.299999237060547,21770,25.299999237060547,0.0
GNS,2022-09-13,25.100000381469727,26.0,23.299999237060547,23.299999237060547,19450,23.299999237060547,0.0
GNS,2022-09-14,23.899999618530273,23.899999618530273,22.200000762939453,23.299999237060547,12280,23.299999237060547,0.0
GNS,2022-09-15,23.299999237060547,24.299999237060547,21.0,22.399999618530273,20560,22.399999618530273,0.0
GNS,2022-09-16,22.0,24.0,21.600000381469727,22.950000762939453,12710,22.950000762939453,0.0
GNS,2022-09-19,22.799999237060547,23.899999618530273,21.799999237060547,22.049999237060547,16910,22.049999237060547,0.0
GNS,2022-09-20,22.100000381469727,23.899999618530273,21.5,22.0,11000,22.0,0.0
GNS,2022-09-21,21.700000762939453,23.200000762939453,21.399999618530273,22.899999618530273,9630,22.899999618530273,0.0
GNS,2022-09-22,22.5,23.799999237060547,20.799999237060547,21.600000381469727,11610,21.600000381469727,0.0
GNS,2022-09-23,21.299999237060547,22.799999237060547,21.0,22.0,4450,22.0,0.0
GNS,2022-09-26,21.799999237060547,23.899999618530273,21.0,22.0,9280,22.0,0.0
GNS,2022-09-27,22.440000534057617,23.899999618530273,21.399999618530273,22.0,16540,22.0,0.0
GNS,2022-09-28,21.799999237060547,23.5,21.799999237060547,22.100000381469727,5780,22.100000381469727,0.0
GNS,2022-09-29,21.5,22.799999237060547,21.399999618530273,21.899999618530273,7980,21.899999618530273,0.0
GNS,2022-09-30,22.5,23.200000762939453,21.700000762939453,22.100000381469727,9810,22.100000381469727,0.0
GNS,2022-10-03,21.700000762939453,22.950000762939453,21.5,21.799999237060547,2480,21.799999237060547,0.0
GNS,2022-10-04,21.899999618530273,22.399999618530273,21.100000381469727,21.700000762939453,1200,21.700000762939453,0.0
GNS,2022-10-05,21.799999237060547,23.200000762939453,21.799999237060547,22.600000381469727,4470,22.600000381469727,0.0
GNS,2022-10-06,22.200000762939453,22.700000762939453,21.600000381469727,22.0,4080,22.0,0.0
GNS,2022-10-07,22.100000381469727,22.100000381469727,21.18000030517578,21.899999618530273,3990,21.899999618530273,0.0
GNS,2022-10-10,21.600000381469727,22.239999771118164,20.399999618530273,20.399999618530273,8530,20.399999618530273,0.0
GNS,2022-10-11,20.200000762939453,21.600000381469727,17.799999237060547,18.299999237060547,7290,18.299999237060547,0.0
GNS,2022-10-12,19.100000381469727,19.100000381469727,18.0,18.0,730,18.0,0.0
GNS,2022-10-13,18.0,18.5,16.799999237060547,17.799999237060547,3980,17.799999237060547,0.0
GNS,2022-10-14,17.200000762939453,19.899999618530273,17.100000381469727,18.5,3640,18.5,0.0
GNS,2022-10-17,19.100000381469727,20.049999237060547,16.799999237060547,19.5,6270,19.5,0.0
GNS,2022-10-18,18.899999618530273,19.989999771118164,18.700000762939453,19.399999618530273,2650,19.399999618530273,0.0
GNS,2022-10-19,18.799999237060547,19.549999237060547,17.25,18.0,2490,18.0,0.0
GNS,2022-10-20,23.0,23.0,15.199999809265137,15.199999809265137,5250,15.199999809265137,0.0
GNS,2022-10-21,13.0,16.799999237060547,13.0,14.100000381469727,14580,14.100000381469727,0.0
GNS,2022-10-24,13.800000190734863,16.399999618530273,13.800000190734863,14.899999618530273,1840,14.899999618530273,0.0
GNS,2022-10-25,16.899999618530273,16.899999618530273,14.0,14.199999809265137,3480,14.199999809265137,0.0
GNS,2022-10-26,12.600000381469727,19.799999237060547,12.600000381469727,15.399999618530273,157830,15.399999618530273,0.0
GNS,2022-10-27,15.350000381469727,19.299999237060547,15.350000381469727,16.0,69690,16.0,0.0
GNS,2022-10-28,16.799999237060547,16.799999237060547,13.0,13.5,106400,13.5,0.0
GNS,2022-10-31,14.100000381469727,14.100000381469727,9.869999885559082,10.600000381469727,48190,10.600000381469727,0.0
GNS,2022-11-01,9.0,10.5,9.0,9.0,22870,9.0,0.0
GNS,2022-11-02,9.270000457763672,9.270000457763672,8.199999809265137,8.880000114440918,10220,8.880000114440918,0.0
GNS,2022-11-03,8.399999618530273,8.649999618530273,7.309999942779541,7.699999809265137,11180,7.699999809265137,0.0
GNS,2022-11-04,7.699999809265137,8.0,7.0,7.199999809265137,10220,7.199999809265137,0.0
GNS,2022-11-07,7.199999809265137,7.579999923706055,6.0,6.269999980926514,31760,6.269999980926514,0.0
GNS,2022-11-08,6.300000190734863,6.510000228881836,5.599999904632568,5.730000019073486,8090,5.730000019073486,0.0
GNS,2022-11-09,5.900000095367432,5.909999847412109,5.150000095367432,5.150000095367432,29350,5.150000095367432,0.0
GNS,2022-11-10,5.0,5.900000095367432,5.0,5.699999809265137,19130,5.699999809265137,0.0
GNS,2022-11-11,5.800000190734863,6.199999809265137,5.03000020980835,5.800000190734863,11290,5.800000190734863,0.0
GNS,2022-11-14,5.769999980926514,6.0,5.099999904632568,5.110000133514404,24680,5.110000133514404,0.0
GNS,2022-11-15,5.440000057220459,5.440000057220459,4.800000190734863,5.159999847412109,59490,5.159999847412109,0.0
GNS,2022-11-16,5.159999847412109,5.5,5.0,5.010000228881836,12770,5.010000228881836,0.0
GNS,2022-11-17,5.0,5.25,4.670000076293945,4.900000095367432,15230,4.900000095367432,0.0
GNS,2022-11-18,5.050000190734863,5.199999809265137,4.900000095367432,4.909999847412109,2360,4.909999847412109,0.0
GNS,2022-11-21,4.900000095367432,5.199999809265137,4.900000095367432,4.909999847412109,4500,4.909999847412109,0.0
GNS,2022-11-22,4.809999942779541,5.0,4.800000190734863,4.900000095367432,2010,4.900000095367432,0.0
GNS,2022-11-23,4.96999979019165,4.96999979019165,4.5,4.800000190734863,11950,4.800000190734863,0.0
GNS,2022-11-25,4.800000190734863,4.909999847412109,4.340000152587891,4.679999828338623,7500,4.679999828338623,0.0
GNS,2022-11-28,4.559999942779541,4.699999809265137,4.449999809265137,4.510000228881836,9600,4.510000228881836,0.0
GNS,2022-11-29,4.5,5.300000190734863,4.5,4.849999904632568,17710,4.849999904632568,0.0
GNS,2022-11-30,5.199999809265137,6.699999809265137,4.300000190734863,5.5,337300,5.5,0.0
GNS,2022-12-01,5.099999904632568,5.099999904632568,4.21999979019165,4.21999979019165,77040,4.21999979019165,0.0
GNS,2022-12-02,4.400000095367432,4.550000190734863,4.010000228881836,4.050000190734863,32120,4.050000190734863,0.0
GNS,2022-12-05,4.199999809265137,4.389999866485596,4.079999923706055,4.239999771118164,15520,4.239999771118164,0.0
GNS,2022-12-06,4.170000076293945,4.199999809265137,3.549999952316284,3.759999990463257,29830,3.759999990463257,0.0
GNS,2022-12-07,3.7799999713897705,3.799999952316284,3.450000047683716,3.4800000190734863,30510,3.4800000190734863,0.0
GNS,2022-12-08,3.4800000190734863,3.5,3.200000047683716,3.5,17830,3.5,0.0
GNS,2022-12-09,3.5,3.809999942779541,3.299999952316284,3.5,18580,3.5,0.0
GNS,2022-12-12,3.5399999618530273,3.5399999618530273,3.299999952316284,3.5,3120,3.5,0.0
GNS,2022-12-13,3.5299999713897705,3.5999999046325684,3.0999999046325684,3.3299999237060547,39810,3.3299999237060547,0.0
GNS,2022-12-14,3.3299999237060547,3.490000009536743,3.200000047683716,3.380000114440918,26280,3.380000114440918,0.0
GNS,2022-12-15,3.380000114440918,3.380000114440918,3.200000047683716,3.200000047683716,17450,3.200000047683716,0.0
GNS,2022-12-16,3.200000047683716,3.25,3.1600000858306885,3.180000066757202,7480,3.180000066757202,0.0
GNS,2022-12-19,3.180000066757202,3.299999952316284,3.0999999046325684,3.200000047683716,15680,3.200000047683716,0.0
GNS,2022-12-20,3.0399999618530273,3.299999952316284,3.0399999618530273,3.190000057220459,9390,3.190000057220459,0.0
GNS,2022-12-21,3.0399999618530273,3.5,3.0399999618530273,3.450000047683716,17890,3.450000047683716,0.0
GNS,2022-12-22,3.4000000953674316,3.5,3.3299999237060547,3.3299999237060547,6190,3.3299999237060547,0.0
GNS,2022-12-23,3.3299999237060547,3.4700000286102295,3.130000114440918,3.4700000286102295,2640,3.4700000286102295,0.0
GNS,2022-12-27,3.4700000286102295,3.4700000286102295,3.0999999046325684,3.25,3070,3.25,0.0
GNS,2022-12-28,3.0999999046325684,3.4000000953674316,3.0999999046325684,3.299999952316284,7360,3.299999952316284,0.0
GNS,2022-12-29,3.200000047683716,3.4000000953674316,3.0899999141693115,3.4000000953674316,16810,3.4000000953674316,0.0
GNS,2022-12-30,3.4000000953674316,3.4000000953674316,3.299999952316284,3.299999952316284,3450,3.299999952316284,0.0
GNS,2023-01-03,3.4000000953674316,3.4000000953674316,3.009999990463257,3.1500000953674316,6930,3.1500000953674316,0.0
GNS,2023-01-04,3.4000000953674316,3.990000009536743,3.299999952316284,3.859999895095825,16930,3.859999895095825,0.0
GNS,2023-01-05,4.0,4.199999809265137,3.700000047683716,3.950000047683716,10660,3.950000047683716,0.0
GNS,2023-01-06,3.950000047683716,4.25,3.700000047683716,3.9600000381469727,7050,3.9600000381469727,0.0
GNS,2023-01-09,4.139999866485596,4.139999866485596,3.5,3.609999895095825,10310,3.609999895095825,0.0
GNS,2023-01-10,3.8499999046325684,3.9000000953674316,3.680000066757202,3.75,5220,3.75,0.0
GNS,2023-01-11,3.869999885559082,4.5,3.700000047683716,4.039999961853027,10420,4.039999961853027,0.0
GNS,2023-01-12,4.0,4.199999809265137,3.809999942779541,4.150000095367432,20820,4.150000095367432,0.0
GNS,2023-01-13,5.5,5.900000095367432,4.159999847412109,4.739999771118164,490870,4.739999771118164,0.0
GNS,2023-01-17,6.0,6.480000019073486,5.0,5.789999961853027,1478010,5.789999961853027,0.0
GNS,2023-01-18,6.110000133514404,6.199999809265137,5.099999904632568,5.360000133514404,584600,5.360000133514404,0.0
GNS,2023-01-19,8.5,22.399999618530273,7.400000095367432,20.899999618530273,26965960,20.899999618530273,0.0
GNS,2023-01-20,50.70000076293945,51.900001525878906,27.700000762939453,32.400001525878906,23176680,32.400001525878906,0.0
GNS,2023-01-23,34.400001525878906,62.79999923706055,28.0,47.099998474121094,16458500,47.099998474121094,0.0
GNS,2023-01-24,44.0,55.0,39.20000076293945,45.5,8217650,45.5,0.0
GNS,2023-01-25,42.5,46.900001525878906,40.0,41.0,2841720,41.0,0.0
GNS,2023-01-26,39.79999923706055,43.0,31.0,33.099998474121094,2134830,33.099998474121094,0.0
GNS,2023-01-27,32.0,42.0,31.0,39.5,2695320,39.5,0.0
GNS,2023-01-30,56.099998474121094,72.69999694824219,48.0,49.099998474121094,11449410,49.099998474121094,0.0
GNS,2023-01-31,52.20000076293945,58.599998474121094,49.5,54.70000076293945,2733650,54.70000076293945,0.0
GNS,2023-02-01,54.70000076293945,56.900001525878906,49.0,53.0,947140,53.0,0.0
GNS,2023-02-02,70.69999694824219,79.9000015258789,62.0,70.9000015258789,5214360,70.9000015258789,0.0
GNS,2023-02-03,70.5,73.5999984741211,65.5,67.5999984741211,871580,67.5999984741211,0.0
GNS,2023-02-06,67.4000015258789,73.30000305175781,66.30000305175781,70.5,772910,70.5,0.0
GNS,2023-02-07,65.0999984741211,68.5,58.0,62.400001525878906,572240,62.400001525878906,0.0
GNS,2023-02-08,63.599998474121094,66.19999694824219,59.5,62.599998474121094,402010,62.599998474121094,0.0
GNS,2023-02-09,61.5,63.310001373291016,48.400001525878906,56.0,633440,56.0,0.0
GNS,2023-02-10,53.79999923706055,63.63999938964844,53.29999923706055,62.79999923706055,461960,62.79999923706055,0.0
GNS,2023-02-13,61.599998474121094,70.80000305175781,60.79999923706055,63.5,751580,63.5,0.0
GNS,2023-02-14,62.29999923706055,63.79999923706055,58.20000076293945,61.29999923706055,245590,61.29999923706055,0.0
GNS,2023-02-15,60.099998474121094,64.69999694824219,58.5,64.5,320260,64.5,0.0
GNS,2023-02-16,64.5999984741211,72.0,61.52000045776367,63.79999923706055,1276480,63.79999923706055,0.0
GNS,2023-02-17,61.099998474121094,61.65999984741211,56.5,58.5,333500,58.5,0.0
GNS,2023-02-21,56.900001525878906,59.0,51.099998474121094,52.900001525878906,260300,52.900001525878906,0.0
GNS,2023-02-22,51.79999923706055,55.5,51.5,52.599998474121094,162150,52.599998474121094,0.0
GNS,2023-02-23,52.20000076293945,53.0,48.79999923706055,50.29999923706055,188340,50.29999923706055,0.0
GNS,2023-02-24,48.599998474121094,49.400001525878906,42.0,44.5,232670,44.5,0.0
GNS,2023-02-27,48.599998474121094,49.0,37.0,39.400001525878906,270240,39.400001525878906,0.0
GNS,2023-02-28,37.0,39.0,33.70000076293945,35.70000076293945,233640,35.70000076293945,0.0
GNS,2023-03-01,33.20000076293945,34.0,23.399999618530273,24.299999237060547,507230,24.299999237060547,0.0
GNS,2023-03-02,22.100000381469727,25.299999237060547,21.5,22.799999237060547,300400,22.799999237060547,0.0
GNS,2023-03-03,21.899999618530273,43.0,21.100000381469727,36.29999923706055,6299330,36.29999923706055,0.0
GNS,2023-03-06,38.5,47.70000076293945,36.20000076293945,38.0,3940690,38.0,0.0
GNS,2023-03-07,36.599998474121094,41.5,35.29999923706055,38.79999923706055,690800,38.79999923706055,0.0
GNS,2023-03-08,37.0,41.400001525878906,36.20000076293945,39.0,398360,39.0,0.0
GNS,2023-03-09,37.599998474121094,40.0,35.0,36.599998474121094,267830,36.599998474121094,0.0
GNS,2023-03-10,34.099998474121094,35.0,32.0,34.099998474121094,221090,34.099998474121094,0.0
GNS,2023-03-13,30.0,32.0,28.200000762939453,29.5,242830,29.5,0.0
GNS,2023-03-14,29.299999237060547,35.5,28.200000762939453,31.600000381469727,366650,31.600000381469727,0.0
GNS,2023-03-15,31.799999237060547,32.099998474121094,29.600000381469727,31.5,103560,31.5,0.0
GNS,2023-03-16,30.200000762939453,30.700000762939453,28.399999618530273,28.799999237060547,111670,28.799999237060547,0.0
GNS,2023-03-17,26.299999237060547,27.399999618530273,23.5,24.799999237060547,227480,24.799999237060547,0.0
GNS,2023-03-20,23.5,23.600000381469727,19.299999237060547,20.700000762939453,282350,20.700000762939453,0.0
GNS,2023-03-21,21.100000381469727,26.0,20.100000381469727,22.799999237060547,479600,22.799999237060547,0.0
GNS,2023-03-22,22.0,22.899999618530273,21.0,22.399999618530273,165600,22.399999618530273,0.0
GNS,2023-03-23,22.399999618530273,24.299999237060547,20.700000762939453,21.100000381469727,165600,21.100000381469727,0.0
GNS,2023-03-24,21.0,23.170000076293945,20.920000076293945,21.799999237060547,112730,21.799999237060547,0.0
GNS,2023-03-27,21.799999237060547,22.0,20.399999618530273,21.100000381469727,63530,21.100000381469727,0.0
GNS,2023-03-28,20.700000762939453,21.0,18.700000762939453,19.200000762939453,170040,19.200000762939453,0.0
GNS,2023-03-29,19.600000381469727,26.899999618530273,17.200000762939453,17.799999237060547,1369800,17.799999237060547,0.0
GNS,2023-03-30,18.100000381469727,18.799999237060547,15.300000190734863,15.399999618530273,418010,15.399999618530273,0.0
GNS,2023-03-31,15.0,15.0,13.199999809265137,13.5,248420,13.5,0.0
GNS,2023-04-03,14.0,16.5,13.699999809265137,13.800000190734863,337260,13.800000190734863,0.0
GNS,2023-04-04,13.699999809265137,14.100000381469727,12.300000190734863,12.800000190734863,129670,12.800000190734863,0.0
GNS,2023-04-05,12.800000190734863,13.600000381469727,11.800000190734863,13.0,153010,13.0,0.0
GNS,2023-04-06,12.699999809265137,13.399999618530273,11.5,11.899999618530273,321660,11.899999618530273,0.0
GNS,2023-04-10,11.800000190734863,11.899999618530273,11.199999809265137,11.5,122950,11.5,0.0
GNS,2023-04-11,10.5,11.800000190734863,10.300000190734863,11.5,259400,11.5,0.0
GNS,2023-04-12,11.699999809265137,14.5,11.600000381469727,12.0,1029940,12.0,0.0
GNS,2023-04-13,12.0,12.0,10.5,11.600000381469727,254370,11.600000381469727,0.0
GNS,2023-04-14,11.300000190734863,13.100000381469727,11.100000381469727,12.0,306650,12.0,0.0
GNS,2023-04-17,12.199999809265137,12.800000190734863,11.890000343322754,12.300000190734863,214100,12.300000190734863,0.0
GNS,2023-04-18,12.899999618530273,14.399999618530273,11.800000190734863,14.199999809265137,467150,14.199999809265137,0.0
GNS,2023-04-19,14.0,15.199999809265137,13.720000267028809,14.399999618530273,790770,14.399999618530273,0.0
GNS,2023-04-20,12.0,12.899999618530273,11.600000381469727,11.699999809265137,394000,11.699999809265137,0.0
GNS,2023-04-21,11.199999809265137,11.5,10.5,10.699999809265137,230200,10.699999809265137,0.0
GNS,2023-04-24,10.699999809265137,11.399999618530273,10.5,10.699999809265137,140810,10.699999809265137,0.0
GNS,2023-04-25,10.399999618530273,10.5,9.609999656677246,9.729999542236328,178450,9.729999542236328,0.0
GNS,2023-04-26,9.569999694824219,9.770000457763672,8.199999809265137,8.600000381469727,253840,8.600000381469727,0.0
GNS,2023-04-27,8.300000190734863,8.899999618530273,8.199999809265137,8.829999923706055,295680,8.829999923706055,0.0
GNS,2023-04-28,8.649999618530273,8.800000190734863,8.300000190734863,8.399999618530273,106980,8.399999618530273,0.0
GNS,2023-05-01,8.489999771118164,13.199999809265137,8.399999618530273,10.5,1303840,10.5,0.0
GNS,2023-05-02,10.100000381469727,10.3100004196167,8.600000381469727,9.300000190734863,280130,9.300000190734863,0.0
GNS,2023-05-03,9.300000190734863,12.5,9.199999809265137,11.100000381469727,590810,11.100000381469727,0.0
GNS,2023-05-04,10.699999809265137,10.960000038146973,9.520000457763672,10.100000381469727,222360,10.100000381469727,0.0
GNS,2023-05-05,10.300000190734863,11.5,10.0,11.199999809265137,330550,11.199999809265137,0.0
GNS,2023-05-08,11.899999618530273,13.399999618530273,11.399999618530273,12.100000381469727,447380,12.100000381469727,0.0
GNS,2023-05-09,11.899999618530273,12.199999809265137,11.010000228881836,11.600000381469727,184350,11.600000381469727,0.0
GNS,2023-05-10,11.699999809265137,11.75,10.399999618530273,10.800000190734863,206920,10.800000190734863,0.0
GNS,2023-05-11,10.899999618530273,11.199999809265137,10.399999618530273,10.899999618530273,122480,10.899999618530273,0.0
GNS,2023-05-12,10.899999618530273,11.300000190734863,10.5,11.100000381469727,160800,11.100000381469727,0.0
GNS,2023-05-15,10.100000381469727,11.300000190734863,10.0,10.699999809265137,149000,10.699999809265137,0.0
GNS,2023-05-16,10.600000381469727,10.800000190734863,8.800000190734863,9.489999771118164,329060,9.489999771118164,0.0
GNS,2023-05-17,9.600000381469727,9.649999618530273,8.699999809265137,8.960000038146973,259400,8.960000038146973,0.0
GNS,2023-05-18,8.899999618530273,9.369999885559082,8.729999542236328,8.979999542236328,98890,8.979999542236328,0.0
GNS,2023-05-19,9.050000190734863,9.050000190734863,8.5,8.59000015258789,133320,8.59000015258789,0.0
GNS,2023-05-22,8.649999618530273,8.75,8.199999809265137,8.649999618530273,99470,8.649999618530273,0.0
GNS,2023-05-23,8.600000381469727,8.729999542236328,8.300000190734863,8.489999771118164,59790,8.489999771118164,0.0
GNS,2023-05-24,8.399999618530273,8.399999618530273,7.710000038146973,7.900000095367432,98050,7.900000095367432,0.0
GNS,2023-05-25,7.5,7.699999809265137,7.199999809265137,7.539999961853027,118730,7.539999961853027,0.0
GNS,2023-05-26,7.449999809265137,8.489999771118164,7.320000171661377,8.289999961853027,103340,8.289999961853027,0.0
GNS,2023-05-30,8.5,9.020000457763672,8.25,9.020000457763672,89750,9.020000457763672,0.0
GNS,2023-05-31,8.729999542236328,8.899999618530273,8.359999656677246,8.479999542236328,45950,8.479999542236328,0.0
GNS,2023-06-01,8.420000076293945,8.850000381469727,8.300000190734863,8.399999618530273,44000,8.399999618530273,0.0
GNS,2023-06-02,8.699999809265137,9.6899995803833,8.5,9.270000457763672,132530,9.270000457763672,0.0
GNS,2023-06-05,9.300000190734863,10.699999809265137,8.8100004196167,10.229999542236328,181280,10.229999542236328,0.0
GNS,2023-06-06,10.199999809265137,11.100000381469727,9.899999618530273,10.399999618530273,259370,10.399999618530273,0.0
GNS,2023-06-07,9.819999694824219,9.899999618530273,8.510000228881836,8.569999694824219,222690,8.569999694824219,0.0
GNS,2023-06-08,8.5600004196167,9.0600004196167,8.0,8.859999656677246,128380,8.859999656677246,0.0
GNS,2023-06-09,8.979999542236328,8.979999542236328,8.279999732971191,8.399999618530273,81670,8.399999618530273,0.0
GNS,2023-06-12,8.670000076293945,8.670000076293945,8.199999809265137,8.449999809265137,58750,8.449999809265137,0.0
GNS,2023-06-13,8.520000457763672,8.850000381469727,8.390000343322754,8.550000190734863,70970,8.550000190734863,0.0
GNS,2023-06-14,8.600000381469727,8.800000190734863,8.069999694824219,8.229999542236328,135970,8.229999542236328,0.0
GNS,2023-06-15,8.25,8.300000190734863,7.809999942779541,8.119999885559082,82320,8.119999885559082,0.0
GNS,2023-06-16,8.0,8.399999618530273,7.800000190734863,8.279999732971191,153140,8.279999732971191,0.0
GNS,2023-06-20,8.149999618530273,8.5,7.800000190734863,7.949999809265137,107660,7.949999809265137,0.0
GNS,2023-06-21,7.949999809265137,8.09000015258789,7.389999866485596,7.480000019073486,172940,7.480000019073486,0.0
GNS,2023-06-22,7.300000190734863,7.449999809265137,6.599999904632568,6.860000133514404,138110,6.860000133514404,0.0
GNS,2023-06-23,6.900000095367432,7.289999961853027,6.699999809265137,7.110000133514404,125320,7.110000133514404,0.0
GNS,2023-06-26,7.230000019073486,8.0,7.210000038146973,7.820000171661377,142650,7.820000171661377,0.0
GNS,2023-06-27,8.0,8.699999809265137,7.980000019073486,8.319999694824219,131730,8.319999694824219,0.0
GNS,2023-06-28,8.399999618530273,8.470000267028809,7.699999809265137,8.109999656677246,167180,8.109999656677246,0.0
GNS,2023-06-29,7.5,7.5,6.800000190734863,7.050000190734863,228450,7.050000190734863,0.0
GNS,2023-06-30,7.099999904632568,7.300000190734863,6.900000095367432,7.039999961853027,68560,7.039999961853027,0.0
GNS,2023-07-03,7.050000190734863,7.389999866485596,7.050000190734863,7.150000095367432,42800,7.150000095367432,0.0
GNS,2023-07-05,7.159999847412109,7.300000190734863,6.849999904632568,6.949999809265137,82660,6.949999809265137,0.0
GNS,2023-07-06,6.900000095367432,7.070000171661377,6.710000038146973,6.800000190734863,95170,6.800000190734863,0.0
GNS,2023-07-07,6.860000133514404,7.050000190734863,6.699999809265137,6.760000228881836,81840,6.760000228881836,0.0
GNS,2023-07-10,6.900000095367432,7.039999961853027,6.650000095367432,6.820000171661377,76040,6.820000171661377,0.0
GNS,2023-07-11,6.900000095367432,7.199999809265137,6.889999866485596,7.070000171661377,189860,7.070000171661377,0.0
GNS,2023-07-12,7.400000095367432,8.199999809265137,7.25,7.389999866485596,393040,7.389999866485596,0.0
GNS,2023-07-13,7.610000133514404,7.610000133514404,7.0,7.119999885559082,92540,7.119999885559082,0.0
GNS,2023-07-14,7.079999923706055,7.599999904632568,6.710000038146973,7.199999809265137,161870,7.199999809265137,0.0
GNS,2023-07-17,7.300000190734863,7.300000190734863,6.949999809265137,7.159999847412109,40270,7.159999847412109,0.0
GNS,2023-07-18,7.300000190734863,7.300000190734863,7.0,7.050000190734863,44470,7.050000190734863,0.0
GNS,2023-07-19,7.300000190734863,7.300000190734863,6.909999847412109,6.949999809265137,68110,6.949999809265137,0.0
GNS,2023-07-20,6.800000190734863,7.099999904632568,6.800000190734863,6.900000095367432,40350,6.900000095367432,0.0
GNS,2023-07-21,7.0,7.150000095367432,6.800000190734863,6.869999885559082,67830,6.869999885559082,0.0
GNS,2023-07-24,6.869999885559082,7.0,6.730000019073486,6.909999847412109,57720,6.909999847412109,0.0
GNS,2023-07-25,6.78000020980835,6.949999809265137,6.75,6.800000190734863,48910,6.800000190734863,0.0
GNS,2023-07-26,6.900000095367432,6.929999828338623,6.75,6.809999942779541,26810,6.809999942779541,0.0
GNS,2023-07-27,6.900000095367432,6.940000057220459,6.309999942779541,6.429999828338623,77380,6.429999828338623,0.0
GNS,2023-07-28,6.5,6.5,6.099999904632568,6.300000190734863,69390,6.300000190734863,0.0
GNS,2023-07-31,6.440000057220459,6.599999904632568,6.400000095367432,6.53000020980835,62230,6.53000020980835,0.0
GNS,2023-08-01,6.849999904632568,6.849999904632568,6.019999980926514,6.429999828338623,103240,6.429999828338623,0.0
GNS,2023-08-02,6.0,6.349999904632568,5.5,5.690000057220459,171300,5.690000057220459,0.0
GNS,2023-08-03,5.800000190734863,9.899999618530273,5.5,5.849999904632568,5351790,5.849999904632568,0.0
GNS,2023-08-04,6.199999809265137,6.699999809265137,5.0,5.389999866485596,1156630,5.389999866485596,0.0
GNS,2023-08-07,6.0,6.199999809265137,5.400000095367432,5.949999809265137,777840,5.949999809265137,0.0
GNS,2023-08-08,5.829999923706055,6.599999904632568,5.5,6.380000114440918,712970,6.380000114440918,0.0
GNS,2023-08-09,6.599999904632568,7.849999904632568,6.599999904632568,7.5,1406840,7.5,0.0
GNS,2023-08-10,7.400000095367432,8.5,7.210000038146973,8.149999618530273,801950,8.149999618530273,0.0
GNS,2023-08-11,8.8100004196167,14.300000190734863,8.199999809265137,11.899999618530273,6193940,11.899999618530273,0.0
GNS,2023-08-14,14.600000381469727,17.5,13.300000190734863,15.899999618530273,5235940,15.899999618530273,0.0
GNS,2023-08-15,14.199999809265137,17.0,13.600000381469727,14.199999809265137,1901480,14.199999809265137,0.0
GNS,2023-08-16,13.100000381469727,14.300000190734863,11.149999618530273,14.300000190734863,1391480,14.300000190734863,0.0
GNS,2023-08-17,12.100000381469727,12.899999618530273,9.800000190734863,9.899999618530273,1494990,9.899999618530273,0.0
GNS,2023-08-18,8.800000190734863,12.800000190734863,8.800000190734863,11.800000190734863,2322280,11.800000190734863,0.0
GNS,2023-08-21,13.699999809265137,15.800000190734863,11.800000190734863,12.300000190734863,2181290,12.300000190734863,0.0
GNS,2023-08-22,12.0,13.0,10.600000381469727,12.199999809265137,872110,12.199999809265137,0.0
GNS,2023-08-23,11.800000190734863,13.149999618530273,10.899999618530273,11.300000190734863,668290,11.300000190734863,0.0
GNS,2023-08-24,11.699999809265137,12.0,11.100000381469727,11.300000190734863,517300,11.300000190734863,0.0
GNS,2023-08-25,11.699999809265137,14.800000190734863,11.600000381469727,14.600000381469727,2129610,14.600000381469727,0.0
GNS,2023-08-28,19.700000762939453,24.799999237060547,18.600000381469727,23.0,10131030,23.0,0.0
GNS,2023-08-29,20.0,21.399999618530273,15.100000381469727,16.899999618530273,3545790,16.899999618530273,0.0
GNS,2023-08-30,14.5,17.0,13.600000381469727,13.600000381469727,1629960,13.600000381469727,0.0
GNS,2023-08-31,14.699999809265137,15.399999618530273,11.25,11.5,1543010,11.5,0.0
GNS,2023-09-01,10.800000190734863,11.800000190734863,10.199999809265137,10.699999809265137,981560,10.699999809265137,0.0
GNS,2023-09-05,10.199999809265137,12.899999618530273,9.600000381469727,12.100000381469727,1327790,12.100000381469727,0.0
GNS,2023-09-06,11.5,11.600000381469727,10.300000190734863,10.300000190734863,632120,10.300000190734863,0.0
GNS,2023-09-07,10.800000190734863,11.600000381469727,10.100000381469727,10.5,548560,10.5,0.0
GNS,2023-09-08,10.5,13.0,10.5,12.0,1323530,12.0,0.0
GNS,2023-09-11,11.800000190734863,12.0,10.800000190734863,11.399999618530273,489990,11.399999618530273,0.0
GNS,2023-09-12,10.600000381469727,11.100000381469727,10.600000381469727,11.0,281520,11.0,0.0
GNS,2023-09-13,11.0,11.0,9.930000305175781,10.100000381469727,331290,10.100000381469727,0.0
GNS,2023-09-14,9.800000190734863,10.899999618530273,9.710000038146973,10.149999618530273,314640,10.149999618530273,0.0
GNS,2023-09-15,10.199999809265137,10.5,9.869999885559082,10.0,184100,10.0,0.0
GNS,2023-09-18,10.0,10.100000381469727,9.199999809265137,9.600000381469727,255460,9.600000381469727,0.0
GNS,2023-09-19,9.149999618530273,9.470000267028809,8.220000267028809,8.800000190734863,260430,8.800000190734863,0.0
GNS,2023-09-20,10.100000381469727,11.5,9.5,10.300000190734863,1007700,10.300000190734863,0.0
GNS,2023-09-21,10.100000381469727,10.199999809265137,9.399999618530273,9.850000381469727,217100,9.850000381469727,0.0
GNS,2023-09-22,10.0,10.300000190734863,9.600000381469727,9.970000267028809,137010,9.970000267028809,0.0
GNS,2023-09-25,9.899999618530273,10.300000190734863,9.800000190734863,9.930000305175781,109440,9.930000305175781,0.0
GNS,2023-09-26,9.600000381469727,9.800000190734863,9.0,9.149999618530273,158410,9.149999618530273,0.0
GNS,2023-09-27,9.300000190734863,9.399999618530273,8.600000381469727,8.600000381469727,117240,8.600000381469727,0.0
GNS,2023-09-28,9.0,9.649999618530273,8.699999809265137,9.359999656677246,233490,9.359999656677246,0.0
GNS,2023-09-29,8.609999656677246,9.300000190734863,7.900000095367432,8.270000457763672,454910,8.270000457763672,0.0
GNS,2023-10-02,8.579999923706055,8.800000190734863,7.710000038146973,8.100000381469727,213020,8.100000381469727,0.0
GNS,2023-10-03,8.0,8.0,7.25,7.599999904632568,137070,7.599999904632568,0.0
GNS,2023-10-04,7.480000019073486,8.850000381469727,7.340000152587891,8.5,228420,8.5,0.0
GNS,2023-10-05,8.300000190734863,8.899999618530273,8.029999732971191,8.859999656677246,129200,8.859999656677246,0.0
GNS,2023-10-06,8.800000190734863,11.0,8.630000114440918,10.399999618530273,572460,10.399999618530273,0.0
GNS,2023-10-09,9.670000076293945,11.199999809265137,9.399999618530273,10.699999809265137,258120,10.699999809265137,0.0
GNS,2023-10-10,10.600000381469727,12.0,10.600000381469727,10.699999809265137,243890,10.699999809265137,0.0
GNS,2023-10-11,11.399999618530273,11.600000381469727,9.600000381469727,9.899999618530273,257070,9.899999618530273,0.0
GNS,2023-10-12,9.770000457763672,11.899999618530273,8.300000190734863,11.5,818470,11.5,0.0
GNS,2023-10-13,10.199999809265137,10.899999618530273,9.800000190734863,9.899999618530273,225160,9.899999618530273,0.0
GNS,2023-10-16,9.800000190734863,10.399999618530273,9.5,9.800000190734863,206140,9.800000190734863,0.0
GNS,2023-10-17,9.630000114440918,9.699999809265137,8.899999618530273,9.050000190734863,191340,9.050000190734863,0.0
GNS,2023-10-18,9.0,9.109999656677246,8.5,8.5,166070,8.5,0.0
GNS,2023-10-19,8.569999694824219,8.649999618530273,8.010000228881836,8.470000267028809,186570,8.470000267028809,0.0
GNS,2023-10-20,8.899999618530273,9.0,8.100000381469727,8.5,243670,8.5,0.0
GNS,2023-10-23,8.100000381469727,8.40999984741211,8.0,8.0600004196167,164060,8.0600004196167,0.0
GNS,2023-10-24,8.369999885559082,8.369999885559082,7.900000095367432,8.210000038146973,133420,8.210000038146973,0.0
GNS,2023-10-25,8.300000190734863,8.600000381469727,8.100000381469727,8.350000381469727,103320,8.350000381469727,0.0
GNS,2023-10-26,8.5,8.5,7.900000095367432,8.199999809265137,144220,8.199999809265137,0.0
GNS,2023-10-27,7.5,7.539999961853027,6.5,6.900000095367432,560150,6.900000095367432,0.0
GNS,2023-10-30,7.03000020980835,7.03000020980835,6.28000020980835,6.449999809265137,206300,6.449999809265137,0.0
GNS,2023-10-31,6.340000152587891,6.940000057220459,5.789999961853027,6.800000190734863,294190,6.800000190734863,0.0
GNS,2023-11-01,6.800000190734863,6.800000190734863,6.0,6.179999828338623,164220,6.179999828338623,0.0
GNS,2023-11-02,6.400000095367432,6.539999961853027,6.199999809265137,6.400000095367432,156440,6.400000095367432,0.0
GNS,2023-11-03,6.400000095367432,6.619999885559082,6.21999979019165,6.400000095367432,179220,6.400000095367432,0.0
GNS,2023-11-06,6.599999904632568,6.650000095367432,6.019999980926514,6.059999942779541,171240,6.059999942779541,0.0
GNS,2023-11-07,6.079999923706055,6.079999923706055,5.400000095367432,5.699999809265137,282980,5.699999809265137,0.0
GNS,2023-11-08,5.849999904632568,5.960000038146973,5.559999942779541,5.559999942779541,171830,5.559999942779541,0.0
GNS,2023-11-09,5.699999809265137,5.699999809265137,5.0,5.329999923706055,205270,5.329999923706055,0.0
GNS,2023-11-10,5.400000095367432,6.300000190734863,5.230000019073486,5.909999847412109,249030,5.909999847412109,0.0
GNS,2023-11-13,6.0,6.599999904632568,5.800000190734863,6.099999904632568,237500,6.099999904632568,0.0
GNS,2023-11-14,6.150000095367432,6.630000114440918,6.099999904632568,6.239999771118164,150680,6.239999771118164,0.0
GNS,2023-11-15,6.349999904632568,7.400000095367432,6.349999904632568,7.139999866485596,334650,7.139999866485596,0.0
GNS,2023-11-16,7.309999942779541,8.0,7.010000228881836,7.079999923706055,235430,7.079999923706055,0.0
GNS,2023-11-17,7.090000152587891,7.360000133514404,6.599999904632568,7.099999904632568,139760,7.099999904632568,0.0
GNS,2023-11-20,7.079999923706055,7.179999828338623,6.800000190734863,7.0,82160,7.0,0.0
GNS,2023-11-21,6.900000095367432,6.949999809265137,6.21999979019165,6.590000152587891,110480,6.590000152587891,0.0
GNS,2023-11-22,6.480000019073486,6.599999904632568,6.199999809265137,6.599999904632568,69310,6.599999904632568,0.0
GNS,2023-11-24,6.599999904632568,6.900000095367432,6.5,6.809999942779541,56220,6.809999942779541,0.0
GNS,2023-11-27,6.699999809265137,6.900000095367432,6.510000228881836,6.699999809265137,52810,6.699999809265137,0.0
GNS,2023-11-28,6.699999809265137,6.699999809265137,6.349999904632568,6.449999809265137,84140,6.449999809265137,0.0
GNS,2023-11-29,6.599999904632568,6.699999809265137,5.900000095367432,6.010000228881836,119880,6.010000228881836,0.0
GNS,2023-11-30,6.099999904632568,6.230000019073486,5.610000133514404,5.800000190734863,144940,5.800000190734863,0.0
GNS,2023-12-01,5.989999771118164,6.199999809265137,5.699999809265137,6.190000057220459,73680,6.190000057220459,0.0
GNS,2023-12-04,5.900000095367432,6.150000095367432,5.699999809265137,5.840000152587891,169730,5.840000152587891,0.0
GNS,2023-12-05,5.889999866485596,5.900000095367432,5.5,5.510000228881836,132990,5.510000228881836,0.0
GNS,2023-12-06,5.5,5.900000095367432,5.5,5.900000095367432,129040,5.900000095367432,0.0
GNS,2023-12-07,5.800000190734863,5.900000095367432,5.300000190734863,5.610000133514404,113790,5.610000133514404,0.0
GNS,2023-12-08,5.599999904632568,6.150000095367432,5.599999904632568,5.960000038146973,115520,5.960000038146973,0.0
GNS,2023-12-11,6.0,6.449999809265137,5.920000076293945,6.059999942779541,116200,6.059999942779541,0.0
GNS,2023-12-12,6.239999771118164,6.239999771118164,5.809999942779541,6.050000190734863,69000,6.050000190734863,0.0
GNS,2023-12-13,5.840000152587891,5.989999771118164,5.599999904632568,5.840000152587891,88050,5.840000152587891,0.0
GNS,2023-12-14,5.849999904632568,6.099999904632568,5.78000020980835,5.900000095367432,95190,5.900000095367432,0.0
GNS,2023-12-15,6.800000190734863,7.800000190734863,6.5,7.570000171661377,1365370,7.570000171661377,0.0
GNS,2023-12-18,7.800000190734863,8.0600004196167,7.070000171661377,7.199999809265137,342890,7.199999809265137,0.0
GNS,2023-12-19,7.5,7.949999809265137,6.800000190734863,7.889999866485596,330610,7.889999866485596,0.0
GNS,2023-12-20,7.809999942779541,9.489999771118164,7.730000019073486,8.0,656610,8.0,0.0
GNS,2023-12-21,8.399999618530273,8.739999771118164,7.539999961853027,7.849999904632568,425980,7.849999904632568,0.0
GNS,2023-12-22,7.800000190734863,7.800000190734863,7.0,7.150000095367432,247040,7.150000095367432,0.0
GNS,2023-12-26,7.199999809265137,7.5,7.0,7.210000038146973,83470,7.210000038146973,0.0
GNS,2023-12-27,7.400000095367432,7.460000038146973,6.929999828338623,7.019999980926514,133950,7.019999980926514,0.0
GNS,2023-12-28,6.800000190734863,7.099999904632568,6.619999885559082,6.900000095367432,161550,6.900000095367432,0.0
GNS,2023-12-29,7.0,7.079999923706055,6.510000228881836,6.630000114440918,112600,6.630000114440918,0.0
GNS,2024-01-02,6.690000057220459,6.690000057220459,6.150000095367432,6.21999979019165,126810,6.21999979019165,0.0
GNS,2024-01-03,6.210000038146973,6.300000190734863,5.480000019073486,5.519999980926514,371290,5.519999980926514,0.0
GNS,2024-01-04,5.550000190734863,5.75,5.300000190734863,5.349999904632568,242110,5.349999904632568,0.0
GNS,2024-01-05,5.400000095367432,6.099999904632568,5.300000190734863,5.800000190734863,298870,5.800000190734863,0.0
GNS,2024-01-08,5.900000095367432,5.96999979019165,5.639999866485596,5.75,135900,5.75,0.0
GNS,2024-01-09,5.739999771118164,5.800000190734863,5.400000095367432,5.5,161700,5.5,0.0
GNS,2024-01-10,5.739999771118164,5.739999771118164,5.400000095367432,5.53000020980835,157720,5.53000020980835,0.0
GNS,2024-01-11,5.400000095367432,5.5,5.010000228881836,5.130000114440918,214960,5.130000114440918,0.0
GNS,2024-01-12,2.7300000190734863,2.809999942779541,2.380000114440918,2.5999999046325684,3153710,2.5999999046325684,0.0
GNS,2024-01-16,2.7799999713897705,2.7799999713897705,2.5999999046325684,2.640000104904175,513940,2.640000104904175,0.0
GNS,2024-01-17,2.700000047683716,2.809999942779541,2.4000000953674316,2.7100000381469727,632360,2.7100000381469727,0.0
GNS,2024-01-18,2.7899999618530273,2.799999952316284,2.619999885559082,2.6700000762939453,347570,2.6700000762939453,0.0
GNS,2024-01-19,2.7899999618530273,2.990000009536743,2.680000066757202,2.9200000762939453,597820,2.9200000762939453,0.0
GNS,2024-01-22,3.2699999809265137,3.700000047683716,3.059999942779541,3.700000047683716,1330320,3.700000047683716,0.0
GNS,2024-01-23,3.799999952316284,3.8399999141693115,3.309999942779541,3.6500000953674316,577550,3.6500000953674316,0.0
GNS,2024-01-24,3.799999952316284,4.78000020980835,3.6700000762939453,4.699999809265137,1970270,4.699999809265137,0.0
GNS,2024-01-25,4.800000190734863,4.989999771118164,4.199999809265137,4.300000190734863,827180,4.300000190734863,0.0
GNS,2024-01-26,4.0,4.099999904632568,3.640000104904175,3.799999952316284,582920,3.799999952316284,0.0
GNS,2024-01-29,3.799999952316284,4.369999885559082,3.7699999809265137,4.21999979019165,276880,4.21999979019165,0.0
GNS,2024-01-30,4.5,4.5,3.9100000858306885,4.0,270730,4.0,0.0
GNS,2024-01-31,3.809999942779541,3.9000000953674316,3.5999999046325684,3.8299999237060547,259580,3.8299999237060547,0.0
GNS,2024-02-01,3.819999933242798,3.819999933242798,3.4700000286102295,3.6500000953674316,280780,3.6500000953674316,0.0
GNS,2024-02-02,3.5999999046325684,4.150000095367432,3.5,3.950000047683716,280010,3.950000047683716,0.0
GNS,2024-02-05,3.950000047683716,3.990000009536743,3.609999895095825,3.630000114440918,137900,3.630000114440918,0.0
GNS,2024-02-06,3.700000047683716,3.9000000953674316,3.5999999046325684,3.740000009536743,177580,3.740000009536743,0.0
GNS,2024-02-07,3.859999895095825,4.199999809265137,3.799999952316284,4.099999904632568,310510,4.099999904632568,0.0
GNS,2024-02-08,4.010000228881836,4.070000171661377,3.8399999141693115,3.880000114440918,194920,3.880000114440918,0.0
GNS,2024-02-09,3.9000000953674316,3.9100000858306885,3.609999895095825,3.7200000286102295,315410,3.7200000286102295,0.0
GNS,2024-02-12,3.799999952316284,3.799999952316284,3.609999895095825,3.7200000286102295,168170,3.7200000286102295,0.0
GNS,2024-02-13,3.7100000381469727,3.7100000381469727,3.490000009536743,3.5,190290,3.5,0.0
GNS,2024-02-14,3.799999952316284,3.799999952316284,2.9000000953674316,3.5299999713897705,350380,3.5299999713897705,0.0
GNS,2024-02-15,3.680000066757202,3.700000047683716,3.5299999713897705,3.700000047683716,129750,3.700000047683716,0.0
GNS,2024-02-16,3.700000047683716,4.0,3.640000104904175,3.9000000953674316,315430,3.9000000953674316,0.0
GNS,2024-02-20,3.7699999809265137,3.809999942779541,3.5,3.569999933242798,262310,3.569999933242798,0.0
GNS,2024-02-21,3.799999952316284,3.799999952316284,3.509999990463257,3.680000066757202,137610,3.680000066757202,0.0
GNS,2024-02-22,3.6600000858306885,3.6600000858306885,3.450000047683716,3.450000047683716,126160,3.450000047683716,0.0
GNS,2024-02-23,3.5199999809265137,3.549999952316284,3.4000000953674316,3.5299999713897705,118960,3.5299999713897705,0.0
GNS,2024-02-26,3.5,3.5999999046325684,3.380000114440918,3.4800000190734863,163400,3.4800000190734863,0.0
GNS,2024-02-27,3.3499999046325684,3.6500000953674316,3.299999952316284,3.5199999809265137,202290,3.5199999809265137,0.0
GNS,2024-02-28,3.4800000190734863,3.5399999618530273,3.3399999141693115,3.359999895095825,209830,3.359999895095825,0.0
GNS,2024-02-29,3.299999952316284,3.4600000381469727,3.299999952316284,3.309999942779541,176040,3.309999942779541,0.0
GNS,2024-03-01,3.299999952316284,3.369999885559082,3.25,3.3499999046325684,160310,3.3499999046325684,0.0
GNS,2024-03-04,3.2200000286102295,3.25,3.0999999046325684,3.130000114440918,222530,3.130000114440918,0.0
GNS,2024-03-05,3.119999885559082,3.130000114440918,3.0,3.049999952316284,187620,3.049999952316284,0.0
GNS,2024-03-06,3.049999952316284,3.049999952316284,2.799999952316284,2.930000066757202,263970,2.930000066757202,0.0
GNS,2024-03-07,3.0,3.4200000762939453,3.0,3.259999990463257,309450,3.259999990463257,0.0
GNS,2024-03-08,3.369999885559082,3.450000047683716,3.2200000286102295,3.3499999046325684,127800,3.3499999046325684,0.0
GNS,2024-03-11,3.440000057220459,3.450000047683716,3.049999952316284,3.200000047683716,154260,3.200000047683716,0.0
GNS,2024-03-12,3.140000104904175,3.1600000858306885,2.9600000381469727,3.0299999713897705,106770,3.0299999713897705,0.0
GNS,2024-03-13,3.0999999046325684,3.130000114440918,2.799999952316284,2.9000000953674316,205910,2.9000000953674316,0.0
GNS,2024-03-14,2.9000000953674316,4.800000190734863,2.8499999046325684,3.9700000286102295,3665110,3.9700000286102295,0.0
GNS,2024-03-15,4.400000095367432,4.400000095367432,3.809999942779541,4.199999809265137,1520580,4.199999809265137,0.0
GNS,2024-03-18,4.599999904632568,6.300000190734863,4.199999809265137,5.880000114440918,6454050,5.880000114440918,0.0
GNS,2024-03-19,6.059999942779541,6.96999979019165,4.539999961853027,5.260000228881836,3180210,5.260000228881836,0.0
GNS,2024-03-20,5.099999904632568,6.059999942779541,4.949999809265137,5.699999809265137,1183510,5.699999809265137,0.0
GNS,2024-03-21,5.900000095367432,5.900000095367432,5.0,5.21999979019165,1481970,5.21999979019165,0.0
GNS,2024-03-22,4.699999809265137,4.920000076293945,3.9000000953674316,4.150000095367432,1753560,4.150000095367432,0.0
GNS,2024-03-25,3.950000047683716,4.099999904632568,3.549999952316284,3.880000114440918,789190,3.880000114440918,0.0
GNS,2024-03-26,4.099999904632568,4.78000020980835,4.03000020980835,4.230000019073486,1010280,4.230000019073486,0.0
GNS,2024-03-27,4.5,4.75,4.25,4.639999866485596,656350,4.639999866485596,0.0
GNS,2024-03-28,4.570000171661377,4.889999866485596,4.559999942779541,4.769999980926514,446560,4.769999980926514,0.0
GNS,2024-04-01,4.760000228881836,5.010000228881836,4.099999904632568,4.139999866485596,501100,4.139999866485596,0.0
GNS,2024-04-02,4.150000095367432,4.400000095367432,3.950000047683716,4.210000038146973,408170,4.210000038146973,0.0
GNS,2024-04-03,4.210000038146973,4.329999923706055,4.0,4.150000095367432,334180,4.150000095367432,0.0
GNS,2024-04-04,4.199999809265137,4.489999771118164,4.059999942779541,4.309999942779541,325850,4.309999942779541,0.0
GNS,2024-04-05,4.539999961853027,4.940000057220459,4.5,4.639999866485596,656510,4.639999866485596,0.0
GNS,2024-04-08,4.75,4.800000190734863,4.300000190734863,4.440000057220459,315160,4.440000057220459,0.0
GNS,2024-04-09,4.599999904632568,4.599999904632568,4.309999942779541,4.400000095367432,259800,4.400000095367432,0.0
GNS,2024-04-10,4.440000057220459,4.440000057220459,4.099999904632568,4.300000190734863,259330,4.300000190734863,0.0
GNS,2024-04-11,4.289999961853027,4.690000057220459,4.199999809265137,4.690000057220459,227270,4.690000057220459,0.0
GNS,2024-04-12,4.420000076293945,4.840000152587891,4.400000095367432,4.480000019073486,402020,4.480000019073486,0.0
GNS,2024-04-15,4.519999980926514,4.610000133514404,4.099999904632568,4.119999885559082,328280,4.119999885559082,0.0
GNS,2024-04-16,4.25,4.25,4.050000190734863,4.199999809265137,211130,4.199999809265137,0.0
GNS,2024-04-17,4.230000019073486,4.230000019073486,3.8399999141693115,3.940000057220459,246900,3.940000057220459,0.0
GNS,2024-04-18,3.9100000858306885,3.990000009536743,3.819999933242798,3.930000066757202,201220,3.930000066757202,0.0
GNS,2024-04-19,3.9100000858306885,4.389999866485596,3.759999990463257,4.119999885559082,273460,4.119999885559082,0.0
GNS,2024-04-22,4.099999904632568,4.25,3.950000047683716,3.9700000286102295,171820,3.9700000286102295,0.0
GNS,2024-04-23,4.070000171661377,4.239999771118164,3.9200000762939453,4.139999866485596,164020,4.139999866485596,0.0
GNS,2024-04-24,4.400000095367432,4.699999809265137,4.0,4.190000057220459,436700,4.190000057220459,0.0
GNS,2024-04-25,4.099999904632568,4.179999828338623,3.940000057220459,4.099999904632568,224500,4.099999904632568,0.0
GNS,2024-04-26,4.130000114440918,4.130000114440918,3.8499999046325684,3.9200000762939453,295550,3.9200000762939453,0.0
GNS,2024-04-29,3.9600000381469727,4.059999942779541,3.8499999046325684,3.950000047683716,179850,3.950000047683716,0.0
GNS,2024-04-30,4.050000190734863,4.050000190734863,3.6500000953674316,3.7799999713897705,234160,3.7799999713897705,0.0
GNS,2024-05-01,3.740000009536743,3.9000000953674316,3.700000047683716,3.8299999237060547,138450,3.8299999237060547,0.0
GNS,2024-05-02,3.950000047683716,4.099999904632568,3.880000114440918,4.03000020980835,254250,4.03000020980835,0.0
GNS,2024-05-03,4.050000190734863,4.099999904632568,3.869999885559082,3.990000009536743,195940,3.990000009536743,0.0
GNS,2024-05-06,3.950000047683716,3.9700000286102295,3.700000047683716,3.8399999141693115,163820,3.8399999141693115,0.0
GNS,2024-05-07,3.859999895095825,3.9800000190734863,3.8299999237060547,3.890000104904175,109930,3.890000104904175,0.0
GNS,2024-05-08,3.9000000953674316,3.9100000858306885,3.799999952316284,3.8299999237060547,104580,3.8299999237060547,0.0
GNS,2024-05-09,3.890000104904175,3.890000104904175,3.700000047683716,3.7899999618530273,111240,3.7899999618530273,0.0
GNS,2024-05-10,3.799999952316284,4.019999980926514,3.740000009536743,3.940000057220459,295450,3.940000057220459,0.0
GNS,2024-05-13,3.9600000381469727,4.5,3.8499999046325684,4.28000020980835,574080,4.28000020980835,0.0
GNS,2024-05-14,4.400000095367432,4.400000095367432,4.03000020980835,4.119999885559082,418690,4.119999885559082,0.0
GNS,2024-05-15,4.349999904632568,5.690000057220459,4.099999904632568,4.570000171661377,1436740,4.570000171661377,0.0
GNS,2024-05-16,4.46999979019165,4.5,4.0,4.190000057220459,1134960,4.190000057220459,0.0
GNS,2024-05-17,4.0,4.099999904632568,3.890000104904175,3.940000057220459,479660,3.940000057220459,0.0
GNS,2024-05-20,3.450000047683716,3.5,3.190000057220459,3.359999895095825,913090,3.359999895095825,0.0
GNS,2024-05-21,3.299999952316284,3.359999895095825,3.069999933242798,3.130000114440918,339010,3.130000114440918,0.0
GNS,2024-05-22,3.1500000953674316,3.4000000953674316,3.0799999237060547,3.299999952316284,242600,3.299999952316284,0.0
GNS,2024-05-23,3.3299999237060547,3.3499999046325684,3.0999999046325684,3.190000057220459,243850,3.190000057220459,0.0
GNS,2024-05-24,3.200000047683716,3.2799999713897705,3.119999885559082,3.200000047683716,136520,3.200000047683716,0.0
GNS,2024-05-28,3.2899999618530273,3.2899999618530273,3.0,3.0799999237060547,239290,3.0799999237060547,0.0
GNS,2024-05-29,3.0,3.0799999237060547,2.890000104904175,3.0,294340,3.0,0.0
GNS,2024-05-30,3.0,3.430000066757202,3.0,3.140000104904175,225930,3.140000104904175,0.0
GNS,2024-05-31,3.119999885559082,3.1500000953674316,3.0,3.0799999237060547,158430,3.0799999237060547,0.0
GNS,2024-06-03,3.009999990463257,3.0299999713897705,2.8499999046325684,2.9200000762939453,322130,2.9200000762939453,0.0
GNS,2024-06-04,2.9600000381469727,2.9800000190734863,2.819999933242798,2.9100000858306885,178680,2.9100000858306885,0.0
GNS,2024-06-05,2.9000000953674316,2.950000047683716,2.7100000381469727,2.7899999618530273,343240,2.7899999618530273,0.0
GNS,2024-06-06,2.759999990463257,3.369999885559082,2.700000047683716,2.759999990463257,1384620,2.759999990463257,0.0
GNS,2024-06-07,2.880000114440918,3.049999952316284,2.759999990463257,2.8499999046325684,629230,2.8499999046325684,0.0
GNS,2024-06-10,2.8499999046325684,2.8499999046325684,2.7200000286102295,2.7799999713897705,226170,2.7799999713897705,0.0
GNS,2024-06-11,2.75,2.9200000762939453,2.6500000953674316,2.859999895095825,344340,2.859999895095825,0.0
GNS,2024-06-12,2.799999952316284,2.8399999141693115,2.700000047683716,2.809999942779541,161030,2.809999942779541,0.0
GNS,2024-06-13,2.799999952316284,2.8499999046325684,2.690000057220459,2.690000057220459,168670,2.690000057220459,0.0
GNS,2024-06-14,2.6500000953674316,2.690000057220459,2.5399999618530273,2.609999895095825,258020,2.609999895095825,0.0
GNS,2024-06-17,2.5999999046325684,2.8399999141693115,2.5799999237060547,2.799999952316284,297830,2.799999952316284,0.0
GNS,2024-06-18,2.8399999141693115,2.9000000953674316,2.630000114440918,2.690000057220459,249640,2.690000057220459,0.0
GNS,2024-06-20,2.6500000953674316,2.7799999713897705,2.549999952316284,2.6600000858306885,220990,2.6600000858306885,0.0
GNS,2024-06-21,2.5999999046325684,2.6500000953674316,2.5799999237060547,2.5799999237060547,74130,2.5799999237060547,0.0
GNS,2024-06-24,2.5999999046325684,2.619999885559082,2.509999990463257,2.5799999237060547,167120,2.5799999237060547,0.0
GNS,2024-06-25,2.5,2.75,2.5,2.640000104904175,195250,2.640000104904175,0.0
GNS,2024-06-26,2.640000104904175,2.759999990463257,2.5299999713897705,2.75,258030,2.75,0.0
GNS,2024-06-27,2.7699999809265137,2.9800000190734863,2.680000066757202,2.7300000190734863,647490,2.7300000190734863,0.0
GNS,2024-06-28,2.9000000953674316,2.9200000762939453,2.700000047683716,2.7799999713897705,461040,2.7799999713897705,0.0
GNS,2024-07-01,2.609999895095825,2.7799999713897705,2.450000047683716,2.5799999237060547,381430,2.5799999237060547,0.0
GNS,2024-07-02,2.5,2.5899999141693115,2.299999952316284,2.549999952316284,400220,2.549999952316284,0.0
GNS,2024-07-03,2.559999942779541,2.5999999046325684,2.430000066757202,2.490000009536743,108870,2.490000009536743,0.0
GNS,2024-07-05,2.5,2.5,2.3499999046325684,2.359999895095825,156020,2.359999895095825,0.0
GNS,2024-07-08,2.309999942779541,2.549999952316284,2.309999942779541,2.5399999618530273,179120,2.5399999618530273,0.0
GNS,2024-07-09,2.5399999618530273,2.5799999237060547,2.4100000858306885,2.4200000762939453,203040,2.4200000762939453,0.0
GNS,2024-07-10,2.4100000858306885,2.5,2.299999952316284,2.390000104904175,275180,2.390000104904175,0.0
GNS,2024-07-11,2.430000066757202,2.5,2.369999885559082,2.4100000858306885,132430,2.4100000858306885,0.0
GNS,2024-07-12,2.430000066757202,2.5,2.4000000953674316,2.4800000190734863,100990,2.4800000190734863,0.0
GNS,2024-07-15,2.950000047683716,3.200000047683716,2.3499999046325684,2.430000066757202,1858930,2.430000066757202,0.0
GNS,2024-07-16,2.440000057220459,2.509999990463257,2.4100000858306885,2.4200000762939453,340490,2.4200000762939453,0.0
GNS,2024-07-17,2.4100000858306885,2.450000047683716,2.319999933242798,2.450000047683716,225920,2.450000047683716,0.0
GNS,2024-07-18,2.440000057220459,2.440000057220459,2.259999990463257,2.2799999713897705,377820,2.2799999713897705,0.0
GNS,2024-07-19,2.299999952316284,2.299999952316284,2.119999885559082,2.190000057220459,291040,2.190000057220459,0.0
GNS,2024-07-22,2.200000047683716,2.3499999046325684,2.1600000858306885,2.3499999046325684,231420,2.3499999046325684,0.0
GNS,2024-07-23,2.25,2.359999895095825,2.200000047683716,2.319999933242798,148120,2.319999933242798,0.0
GNS,2024-07-24,2.3499999046325684,2.369999885559082,2.2699999809265137,2.299999952316284,126540,2.299999952316284,0.0
GNS,2024-07-25,2.2799999713897705,2.319999933242798,2.0999999046325684,2.1500000953674316,247240,2.1500000953674316,0.0
GNS,2024-07-26,2.200000047683716,2.25,1.9700000286102295,2.0399999618530273,557640,2.0399999618530273,0.0
GNS,2024-07-29,2.0799999237060547,2.190000057220459,1.9600000381469727,2.0899999141693115,208500,2.0899999141693115,0.0
GNS,2024-07-30,2.130000114440918,2.130000114440918,1.899999976158142,1.9900000095367432,239370,1.9900000095367432,0.0
GNS,2024-07-31,1.9500000476837158,2.0299999713897705,1.7799999713897705,1.8200000524520874,577860,1.8200000524520874,0.0
GNS,2024-08-01,1.8200000524520874,1.850000023841858,1.7699999809265137,1.7999999523162842,196520,1.7999999523162842,0.0
GNS,2024-08-02,1.7999999523162842,1.7999999523162842,1.649999976158142,1.7400000095367432,248100,1.7400000095367432,0.0
GNS,2024-08-05,1.4600000381469727,1.6799999475479126,1.399999976158142,1.649999976158142,282800,1.649999976158142,0.0
GNS,2024-08-06,1.2000000476837158,1.2899999618530273,1.0800000429153442,1.149999976158142,1273230,1.149999976158142,0.0
GNS,2024-08-07,1.2000000476837158,1.3300000429153442,1.2000000476837158,1.2599999904632568,317330,1.2599999904632568,0.0
GNS,2024-08-08,1.2599999904632568,1.2599999904632568,1.2599999904632568,1.2599999904632568,0,1.2599999904632568,0.0
GNS,2024-08-09,1.350000023841858,2.369999885559082,1.3300000429153442,1.350000023841858,6731930,1.350000023841858,0.0
GNS,2024-08-12,1.7000000476837158,2.049999952316284,1.399999976158142,1.4299999475479126,2681180,1.4299999475479126,0.0
GNS,2024-08-13,1.4500000476837158,1.4500000476837158,1.2799999713897705,1.399999976158142,788270,1.399999976158142,0.0
GNS,2024-08-14,1.4600000381469727,1.4700000286102295,1.2899999618530273,1.350000023841858,366720,1.350000023841858,0.0
GNS,2024-08-15,1.3899999856948853,1.5299999713897705,1.3300000429153442,1.3700000047683716,676390,1.3700000047683716,0.0
GNS,2024-08-16,1.5800000429153442,1.7000000476837158,1.1299999952316284,1.3700000047683716,1715600,1.3700000047683716,0.1
GNS,2024-08-19,1.2400000095367432,1.2999999523162842,1.0299999713897705,1.2000000476837158,1348000,1.2000000476837158,0.0
GNS,2024-08-20,1.1799999475479126,1.2799999713897705,1.149999976158142,1.2100000381469727,461100,1.2100000381469727,0.0
GNS,2024-08-21,1.2300000190734863,1.2599999904632568,1.159999966621399,1.2200000286102295,507000,1.2200000286102295,0.0
GNS,2024-08-22,1.2000000476837158,1.2200000286102295,1.0700000524520874,1.0700000524520874,950300,1.0700000524520874,0.0
GNS,2024-08-23,1.1299999952316284,1.2200000286102295,1.0800000429153442,1.159999966621399,655200,1.159999966621399,0.0
GNS,2024-08-26,1.159999966621399,1.2400000095367432,1.1399999856948853,1.149999976158142,452200,1.149999976158142,0.0
GNS,2024-08-27,1.159999966621399,1.1799999475479126,1.0399999618530273,1.059999942779541,650300,1.059999942779541,0.0
GNS,2024-08-28,1.0499999523162842,1.0499999523162842,0.949999988079071,1.0399999618530273,878000,1.0399999618530273,0.0
GNS,2024-08-29,1.0199999809265137,1.0299999713897705,0.9900000095367432,0.9900000095367432,278700,0.9900000095367432,0.0
GNS,2024-08-30,1.0,1.0299999713897705,0.9399999976158142,0.9649999737739563,282900,0.9649999737739563,0.0
GNS,2024-09-03,0.9649999737739563,0.9800000190734863,0.8510000109672546,0.8569999933242798,449300,0.8569999933242798,0.0
GNS,2024-09-04,0.843999981880188,0.8999999761581421,0.824999988079071,0.8510000109672546,265700,0.8510000109672546,0.0
GNS,2024-09-05,0.8500000238418579,0.8600000143051147,0.800000011920929,0.800000011920929,307700,0.800000011920929,0.0
GNS,2024-09-06,0.8159999847412109,0.8159999847412109,0.7279999852180481,0.7400000095367432,481100,0.7400000095367432,0.0
GNS,2024-09-09,0.7300000190734863,0.7300000190734863,0.6589999794960022,0.6949999928474426,484600,0.6949999928474426,0.0
GNS,2024-09-10,0.6980000138282776,0.9750000238418579,0.6600000262260437,0.8999999761581421,2072900,0.8999999761581421,0.0
GNS,2024-09-11,0.9110000133514404,0.9110000133514404,0.6809999942779541,0.7099999785423279,943900,0.7099999785423279,0.0
GNS,2024-09-12,0.7369999885559082,0.7990000247955322,0.6899999976158142,0.7590000033378601,839000,0.7590000033378601,0.0
GNS,2024-09-13,0.7919999957084656,0.8769999742507935,0.7699999809265137,0.8029999732971191,683000,0.8029999732971191,0.0
GNS,2024-09-16,0.8399999737739563,0.8999999761581421,0.8209999799728394,0.8859999775886536,732800,0.8859999775886536,0.0
GNS,2024-09-17,0.9399999976158142,0.9890000224113464,0.8450000286102295,0.8939999938011169,1042000,0.8939999938011169,0.0
GNS,2024-09-18,0.9200000166893005,0.9380000233650208,0.8220000267028809,0.8399999737739563,554700,0.8399999737739563,0.0
GNS,2024-09-19,0.8700000047683716,0.871999979019165,0.8100000023841858,0.8199999928474426,261800,0.8199999928474426,0.0
GNS,2024-09-20,0.8100000023841858,0.8370000123977661,0.7699999809265137,0.7720000147819519,356800,0.7720000147819519,0.0
GNS,2024-09-23,0.8069999814033508,0.8069999814033508,0.6710000038146973,0.7099999785423279,503400,0.7099999785423279,0.0
GNS,2024-09-24,0.7630000114440918,0.9100000262260437,0.7630000114440918,0.8659999966621399,740200,0.8659999966621399,0.0
GNS,2024-09-25,0.8899999856948853,1.2339999675750732,0.8899999856948853,1.0499999523162842,3608000,1.0499999523162842,0.0
GNS,2024-09-26,1.0700000524520874,1.1799999475479126,0.9150000214576721,0.9309999942779541,918000,0.9309999942779541,0.0
GNS,2024-09-27,0.9399999976158142,1.0199999809265137,0.9399999976158142,0.949999988079071,259700,0.949999988079071,0.0
GNS,2024-09-30,0.9700000286102295,0.9739999771118164,0.871999979019165,0.9079999923706055,357900,0.9079999923706055,0.0
GNS,2024-10-01,0.9399999976158142,0.9399999976158142,0.8320000171661377,0.8700000047683716,275000,0.8700000047683716,0.0
GNS,2024-10-02,0.843999981880188,0.9399999976158142,0.8299999833106995,0.9350000023841858,193400,0.9350000023841858,0.0
GNS,2024-10-03,0.9599999785423279,0.9599999785423279,0.9210000038146973,0.9599999785423279,137100,0.9599999785423279,0.0
GNS,2024-10-04,0.8600000143051147,0.9100000262260437,0.800000011920929,0.8220000267028809,411100,0.8220000267028809,0.0
GNS,2024-10-07,0.8289999961853027,0.8399999737739563,0.8050000071525574,0.8090000152587891,213300,0.8090000152587891,0.0
GNS,2024-10-08,0.8399999737739563,0.8399999737739563,0.7599999904632568,0.7599999904632568,497000,0.7599999904632568,0.0
GNS,2024-10-09,0.7770000100135803,0.777999997138977,0.7210000157356262,0.75,279400,0.75,0.0
GNS,2024-10-10,0.7710000276565552,0.7900000214576721,0.746999979019165,0.7590000033378601,149300,0.7590000033378601,0.0
GNS,2024-10-11,0.7670000195503235,0.7900000214576721,0.7400000095367432,0.7900000214576721,190200,0.7900000214576721,0.0
GNS,2024-10-14,0.7900000214576721,0.8500000238418579,0.7799999713897705,0.8330000042915344,205800,0.8330000042915344,0.0
GNS,2024-10-15,0.8500000238418579,0.8700000047683716,0.7689999938011169,0.7860000133514404,338200,0.7860000133514404,0.0
GNS,2024-10-16,0.7749999761581421,0.800000011920929,0.7210000157356262,0.7360000014305115,425200,0.7360000014305115,0.0
GNS,2024-10-17,0.75,0.75,0.699999988079071,0.7269999980926514,345000,0.7269999980926514,0.0
GNS,2024-10-18,0.7400000095367432,0.7400000095367432,0.7080000042915344,0.7369999885559082,265400,0.7369999885559082,0.0
GNS,2024-10-21,0.7269999980926514,0.7369999885559082,0.6970000267028809,0.7099999785423279,509500,0.7099999785423279,0.0
GNS,2024-10-22,0.699999988079071,0.7049999833106995,0.6850000023841858,0.699999988079071,274000,0.699999988079071,0.0
GNS,2024-10-23,0.699999988079071,0.7099999785423279,0.6600000262260437,0.6800000071525574,357800,0.6800000071525574,0.0
GNS,2024-10-24,0.6880000233650208,0.699999988079071,0.6499999761581421,0.6679999828338623,421800,0.6679999828338623,0.0
GNS,2024-10-25,0.699999988079071,0.7699999809265137,0.6499999761581421,0.699999988079071,3624300,0.699999988079071,0.0
GNS,2024-10-28,0.6959999799728394,0.7200000286102295,0.6600000262260437,0.7200000286102295,771000,0.7200000286102295,0.0
GNS,2024-10-29,0.6899999976158142,0.7379999756813049,0.6809999942779541,0.7379999756813049,603800,0.7379999756813049,0.0
GNS,2024-10-30,0.7350000143051147,0.7409999966621399,0.6800000071525574,0.7080000042915344,464300,0.7080000042915344,0.0
GNS,2024-10-31,0.699999988079071,0.7099999785423279,0.6110000014305115,0.6269999742507935,808600,0.6269999742507935,0.0
GNS,2024-11-01,0.6269999742507935,0.6370000243186951,0.5400000214576721,0.6050000190734863,1204700,0.6050000190734863,0.0
GNS,2024-11-04,0.6000000238418579,0.6000000238418579,0.5600000023841858,0.5759999752044678,346100,0.5759999752044678,0.0
GNS,2024-11-05,0.5619999766349792,0.5899999737739563,0.5299999713897705,0.5889999866485596,440200,0.5889999866485596,0.0
GNS,2024-11-06,0.5860000252723694,0.5889999866485596,0.5580000281333923,0.5799999833106995,494000,0.5799999833106995,0.0
GNS,2024-11-07,0.5889999866485596,0.5889999866485596,0.5419999957084656,0.5619999766349792,599900,0.5619999766349792,0.0
GNS,2024-11-08,0.5699999928474426,0.5699999928474426,0.5049999952316284,0.5329999923706055,686800,0.5329999923706055,0.0
GNS,2024-11-11,0.5170000195503235,0.6309999823570251,0.5109999775886536,0.6309999823570251,1164800,0.6309999823570251,0.0
GNS,2024-11-12,0.699999988079071,1.5,0.5699999928474426,1.0499999523162842,122713500,1.0499999523162842,0.0
GNS,2024-11-13,1.340000033378601,1.4500000476837158,0.8899999856948853,0.9490000009536743,62012600,0.9490000009536743,0.0
GNS,2024-11-14,0.9800000190734863,1.0,0.7900000214576721,0.8730000257492065,10509600,0.8730000257492065,0.0
GNS,2024-11-15,0.8769999742507935,0.9399999976158142,0.8199999928474426,0.871999979019165,5634400,0.871999979019165,0.0
GNS,2024-11-18,0.8679999709129333,0.9700000286102295,0.8600000143051147,0.9100000262260437,6584200,0.9100000262260437,0.0
GNS,2024-11-19,0.9100000262260437,1.1399999856948853,0.8870000243186951,1.0299999713897705,12660600,1.0299999713897705,0.0
GNS,2024-11-20,1.0199999809265137,1.059999942779541,0.8999999761581421,0.949999988079071,6634500,0.949999988079071,0.0
GNS,2024-11-21,1.0499999523162842,1.0499999523162842,0.8500000238418579,0.921999990940094,12267700,0.921999990940094,0.0
GNS,2024-11-22,0.8999999761581421,0.9200000166893005,0.8619999885559082,0.8999999761581421,2863200,0.8999999761581421,0.0
GNS,2024-11-25,0.8640000224113464,0.906000018119812,0.8100000023841858,0.8500000238418579,3559200,0.8500000238418579,0.0
GNS,2024-11-26,0.8100000023841858,0.8339999914169312,0.7509999871253967,0.7730000019073486,3225600,0.7730000019073486,0.0
GNS,2024-11-27,0.7599999904632568,0.8199999928474426,0.7519999742507935,0.7710000276565552,1752700,0.7710000276565552,0.0
GNS,2024-11-29,0.8019999861717224,0.8019999861717224,0.6899999976158142,0.7379999756813049,2602100,0.7379999756813049,0.0
GNS,2024-12-02,0.7210000157356262,0.7979999780654907,0.6930000185966492,0.7960000038146973,9573000,0.7960000038146973,0.0
GNS,2024-12-03,0.8489999771118164,0.9020000100135803,0.7680000066757202,0.8199999928474426,7958600,0.8199999928474426,0.0
GNS,2024-12-04,0.8489999771118164,0.8799999952316284,0.7350000143051147,0.8450000286102295,6366300,0.8450000286102295,0.0
GNS,2024-12-05,0.8799999952316284,0.9269999861717224,0.800000011920929,0.8100000023841858,8240000,0.8100000023841858,0.0
GNS,2024-12-06,0.800000011920929,0.8690000176429749,0.7699999809265137,0.8209999799728394,3998500,0.8209999799728394,0.0
GNS,2024-12-09,0.8090000152587891,0.8500000238418579,0.7829999923706055,0.8299999833106995,4320600,0.8299999833106995,0.0
GNS,2024-12-10,0.8500000238418579,0.8500000238418579,0.7070000171661377,0.7599999904632568,5864400,0.7599999904632568,0.0
GNS,2024-12-11,0.7459999918937683,0.7960000038146973,0.7099999785423279,0.7450000047683716,3669200,0.7450000047683716,0.0
GNS,2024-12-12,0.7300000190734863,0.75,0.6790000200271606,0.7049999833106995,4293300,0.7049999833106995,0.0
GNS,2024-12-13,0.6869999766349792,0.75,0.6809999942779541,0.7099999785423279,1747200,0.7099999785423279,0.0
GNS,2024-12-16,0.7300000190734863,0.800000011920929,0.699999988079071,0.7670000195503235,4089900,0.7670000195503235,0.0
GNS,2024-12-17,0.7599999904632568,0.7599999904632568,0.6930000185966492,0.7250000238418579,3340500,0.7250000238418579,0.0
GNS,2024-12-18,0.7129999995231628,0.7139999866485596,0.6499999761581421,0.6700000166893005,4000800,0.6700000166893005,0.0
GNS,2024-12-19,0.6809999942779541,0.6819999814033508,0.5099999904632568,0.5400000214576721,4969300,0.5400000214576721,0.0
GNS,2024-12-20,0.5590000152587891,0.6299999952316284,0.5450000166893005,0.5870000123977661,3302700,0.5870000123977661,0.0
GNS,2024-12-23,0.5799999833106995,0.5799999833106995,0.5199999809265137,0.550000011920929,2062600,0.550000011920929,0.0
GNS,2024-12-24,0.5400000214576721,0.5550000071525574,0.5299999713897705,0.546999990940094,1357200,0.546999990940094,0.0
GNS,2024-12-26,0.550000011920929,0.6779999732971191,0.5320000052452087,0.6600000262260437,3924900,0.6600000262260437,0.0
GNS,2024-12-27,0.6600000262260437,0.6700000166893005,0.6000000238418579,0.6449999809265137,4188600,0.6449999809265137,0.0
GNS,2024-12-30,0.7400000095367432,0.7900000214576721,0.6000000238418579,0.7699999809265137,13367200,0.7699999809265137,0.0
GNS,2024-12-31,0.7770000100135803,0.7770000100135803,0.6499999761581421,0.6899999976158142,5149000,0.6899999976158142,0.0
GNS,2025-01-02,0.6800000071525574,0.6800000071525574,0.6399999856948853,0.6499999761581421,2850900,0.6499999761581421,0.0
GNS,2025-01-03,0.6650000214576721,0.7099999785423279,0.6259999871253967,0.6990000009536743,4148100,0.6990000009536743,0.0
GNS,2025-01-06,0.7289999723434448,0.8009999990463257,0.7009999752044678,0.7300000190734863,5178600,0.7300000190734863,0.0
GNS,2025-01-07,0.7400000095367432,0.7400000095367432,0.6600000262260437,0.6880000233650208,2814000,0.6880000233650208,0.0
GNS,2025-01-08,0.6600000262260437,0.6600000262260437,0.6110000014305115,0.6399999856948853,2020100,0.6399999856948853,0.0
GNS,2025-01-10,0.6269999742507935,0.6800000071525574,0.6100000143051147,0.6549999713897705,2586300,0.6549999713897705,0.0
GNS,2025-01-13,0.6200000047683716,0.6200000047683716,0.550000011920929,0.597000002861023,2598200,0.597000002861023,0.0
GNS,2025-01-14,0.6000000238418579,0.6899999976158142,0.5730000138282776,0.6399999856948853,4526400,0.6399999856948853,0.0
GNS,2025-01-15,0.6700000166893005,0.6700000166893005,0.5709999799728394,0.6069999933242798,4038700,0.6069999933242798,0.0
GNS,2025-01-16,0.5830000042915344,0.6000000238418579,0.5669999718666077,0.597000002861023,2207600,0.597000002861023,0.0
GNS,2025-01-17,0.6370000243186951,0.6800000071525574,0.6000000238418579,0.675000011920929,4106800,0.675000011920929,0.0
GNS,2025-01-21,0.6600000262260437,0.6800000071525574,0.6209999918937683,0.6800000071525574,2608200,0.6800000071525574,0.0
GNS,2025-01-22,0.6800000071525574,0.6880000233650208,0.6110000014305115,0.675000011920929,2283900,0.675000011920929,0.0
GNS,2025-01-23,0.6449999809265137,0.6679999828338623,0.6309999823570251,0.6380000114440918,4016500,0.6380000114440918,0.0
GNS,2025-01-24,0.6209999918937683,0.6209999918937683,0.5799999833106995,0.6200000047683716,3106300,0.6200000047683716,0.0
GNS,2025-01-27,0.5699999928474426,0.6000000238418579,0.5550000071525574,0.5730000138282776,1857700,0.5730000138282776,0.0
GNS,2025-01-28,0.5659999847412109,0.5659999847412109,0.5400000214576721,0.5600000023841858,1225700,0.5600000023841858,0.0
GNS,2025-01-29,0.550000011920929,0.5590000152587891,0.47999998927116394,0.4950000047683716,2474200,0.4950000047683716,0.0
GNS,2025-01-30,0.4950000047683716,0.5299999713897705,0.4950000047683716,0.5049999952316284,1227500,0.5049999952316284,0.0
GNS,2025-01-31,0.5049999952316284,0.5049999952316284,0.453000009059906,0.47999998927116394,3228700,0.47999998927116394,0.0
GNS,2025-02-03,0.4399999976158142,0.4620000123977661,0.41999998688697815,0.4560000002384186,2622200,0.4560000002384186,0.0
GNS,2025-02-04,0.4519999921321869,0.46000000834465027,0.4269999861717224,0.44999998807907104,1689200,0.44999998807907104,0.0
GNS,2025-02-05,0.4399999976158142,0.44699999690055847,0.41200000047683716,0.4269999861717224,2540400,0.4269999861717224,0.0
GNS,2025-02-06,0.42100000381469727,0.42500001192092896,0.3700000047683716,0.4059999883174896,2107700,0.4059999883174896,0.0
GNS,2025-02-07,0.4099999964237213,0.4480000138282776,0.4059999883174896,0.4259999990463257,1564400,0.4259999990463257,0.0
GNS,2025-02-10,0.41200000047683716,0.4580000042915344,0.35499998927116394,0.375,5064300,0.375,0.0
GNS,2025-02-11,0.36500000953674316,0.3700000047683716,0.3160000145435333,0.3199999928474426,4132400,0.3199999928474426,0.0
GNS,2025-02-12,0.375,0.550000011920929,0.3700000047683716,0.4749999940395355,51772400,0.4749999940395355,0.0
GNS,2025-02-13,0.47200000286102295,0.49000000953674316,0.41999998688697815,0.49000000953674316,8250400,0.49000000953674316,0.0
GNS,2025-02-14,0.4880000054836273,0.5090000033378601,0.44999998807907104,0.4699999988079071,6263300,0.4699999988079071,0.0
GNS,2025-02-18,0.47999998927116394,0.5350000262260437,0.4300000071525574,0.4699999988079071,5814900,0.4699999988079071,0.0
GNS,2025-02-19,0.4309999942779541,0.46000000834465027,0.41499999165534973,0.4390000104904175,3509600,0.4390000104904175,0.0
GNS,2025-02-20,0.46000000834465027,0.46000000834465027,0.4189999997615814,0.43700000643730164,2289300,0.43700000643730164,0.0
GNS,2025-02-21,0.44200000166893005,0.4429999887943268,0.4000000059604645,0.41999998688697815,3472000,0.41999998688697815,0.0
GNS,2025-02-24,0.4000000059604645,0.41999998688697815,0.3610000014305115,0.41100001335144043,3940200,0.41100001335144043,0.0
GNS,2025-02-25,0.3619999885559082,0.3799999952316284,0.31299999356269836,0.3610000014305115,3410000,0.3610000014305115,0.0
GNS,2025-02-26,0.36899998784065247,0.4050000011920929,0.36000001430511475,0.375,1837500,0.375,0.0
GNS,2025-02-27,0.375,0.3889999985694885,0.33500000834465027,0.34599998593330383,1281000,0.34599998593330383,0.0
GNS,2025-02-28,0.36000001430511475,0.3779999911785126,0.3499999940395355,0.367000013589859,1455000,0.367000013589859,0.0
GNS,2025-03-03,0.4020000100135803,0.4050000011920929,0.3199999928474426,0.3659999966621399,3109600,0.3659999966621399,0.0
GNS,2025-03-04,0.3440000116825104,0.37599998712539673,0.31299999356269836,0.3479999899864197,2485900,0.3479999899864197,0.0
GNS,2025-03-05,0.3709999918937683,0.37599998712539673,0.33500000834465027,0.3700000047683716,1471200,0.3700000047683716,0.0
GNS,2025-03-06,0.3700000047683716,0.37299999594688416,0.31299999356269836,0.3400000035762787,2002600,0.3400000035762787,0.0
GNS,2025-03-07,0.3140000104904175,0.34700000286102295,0.3140000104904175,0.3400000035762787,1101400,0.3400000035762787,0.0
GNS,2025-03-10,0.34700000286102295,0.34700000286102295,0.2849999964237213,0.30000001192092896,1666900,0.30000001192092896,0.0
GNS,2025-03-11,0.2849999964237213,0.3199999928474426,0.2849999964237213,0.3089999854564667,631400,0.3089999854564667,0.0
GNS,2025-03-12,0.3140000104904175,0.3190000057220459,0.30000001192092896,0.30000001192092896,1127200,0.30000001192092896,0.0
GNS,2025-03-13,0.3100000023841858,0.31200000643730164,0.2849999964237213,0.3070000112056732,1643900,0.3070000112056732,0.0
GNS,2025-03-14,0.3100000023841858,0.32499998807907104,0.2809999883174896,0.30399999022483826,2112200,0.30399999022483826,0.0
GNS,2025-03-17,0.29499998688697815,0.30399999022483826,0.26100000739097595,0.2930000126361847,1034700,0.2930000126361847,0.0
GNS,2025-03-18,0.28999999165534973,0.28999999165534973,0.27000001072883606,0.27000001072883606,978400,0.27000001072883606,0.0
GNS,2025-03-19,0.27000001072883606,0.335999995470047,0.26100000739097595,0.3050000071525574,2649200,0.3050000071525574,0.0
GNS,2025-03-20,0.31700000166893005,0.32199999690055847,0.28999999165534973,0.3199999928474426,1967800,0.3199999928474426,0.0
GNS,2025-03-21,0.3100000023841858,0.3149999976158142,0.25200000405311584,0.289000004529953,2148600,0.289000004529953,0.0
GNS,2025-03-24,0.29600000381469727,0.3499999940395355,0.2720000147819519,0.3269999921321869,2087000,0.3269999921321869,0.0
GNS,2025-03-25,0.3240000009536743,0.3240000009536743,0.29499998688697815,0.3100000023841858,635800,0.3100000023841858,0.0
GNS,2025-03-26,0.3089999854564667,0.32499998807907104,0.2930000126361847,0.3199999928474426,1502100,0.3199999928474426,0.0
GNS,2025-03-27,0.3050000071525574,0.3089999854564667,0.27000001072883606,0.29600000381469727,1840000,0.29600000381469727,0.0
GNS,2025-03-28,0.2809999883174896,0.28600001335144043,0.2240000069141388,0.26499998569488525,2186700,0.26499998569488525,0.0
GNS,2025-03-31,0.26499998569488525,0.2669999897480011,0.23000000417232513,0.23800000548362732,1767500,0.23800000548362732,0.0
GNS,2025-04-01,0.23000000417232513,0.23600000143051147,0.20999999344348907,0.21799999475479126,1829500,0.21799999475479126,0.0
GNS,2025-04-02,0.24799999594688416,0.27000001072883606,0.2240000069141388,0.2529999911785126,2798900,0.2529999911785126,0.0
GNS,2025-04-03,0.23800000548362732,0.23800000548362732,0.2160000056028366,0.23000000417232513,2071300,0.23000000417232513,0.0
GNS,2025-04-04,0.23999999463558197,0.25699999928474426,0.2150000035762787,0.2549999952316284,2301800,0.2549999952316284,0.0
GNS,2025-04-07,0.23999999463558197,0.27300000190734863,0.22100000083446503,0.26100000739097595,1067700,0.26100000739097595,0.0
GNS,2025-04-08,0.25,0.257999986410141,0.22200000286102295,0.22699999809265137,1321700,0.22699999809265137,0.0
GNS,2025-04-09,0.25,0.29499998688697815,0.23100000619888306,0.27000001072883606,8374000,0.27000001072883606,0.0
GNS,2025-04-10,0.2549999952316284,0.26100000739097595,0.23899999260902405,0.25699999928474426,1612500,0.25699999928474426,0.0
GNS,2025-04-11,0.257999986410141,0.2759999930858612,0.2540000081062317,0.27000001072883606,1115100,0.27000001072883606,0.0
GNS,2025-04-14,0.26499998569488525,0.27000001072883606,0.23600000143051147,0.2549999952316284,1456400,0.2549999952316284,0.0
GNS,2025-04-15,0.25,0.25600001215934753,0.23999999463558197,0.24799999594688416,736500,0.24799999594688416,0.0
GNS,2025-04-16,0.25999999046325684,0.25999999046325684,0.24300000071525574,0.24899999797344208,686000,0.24899999797344208,0.0
GNS,2025-04-17,0.25,0.2590000033378601,0.2370000034570694,0.24899999797344208,783100,0.24899999797344208,0.0
GNS,2025-04-21,0.2750000059604645,0.2800000011920929,0.26100000739097595,0.2709999978542328,1536900,0.2709999978542328,0.0
GNS,2025-04-22,0.2770000100135803,0.2800000011920929,0.25999999046325684,0.27799999713897705,1178300,0.27799999713897705,0.0
GNS,2025-04-23,0.2800000011920929,0.33000001311302185,0.2759999930858612,0.32499998807907104,2453800,0.32499998807907104,0.0
GNS,2025-04-24,0.32499998807907104,0.3790000081062317,0.3199999928474426,0.36500000953674316,2502800,0.36500000953674316,0.0
GNS,2025-04-25,0.3790000081062317,0.3799999952316284,0.34200000762939453,0.3499999940395355,1550800,0.3499999940395355,0.0
GNS,2025-04-28,0.3799999952316284,0.4519999921321869,0.36000001430511475,0.3959999978542328,2310200,0.3959999978542328,0.0
GNS,2025-04-29,0.4009999930858612,0.4180000126361847,0.3610000014305115,0.38499999046325684,1640500,0.38499999046325684,0.0
GNS,2025-04-30,0.3619999885559082,0.375,0.3019999861717224,0.367000013589859,1883800,0.367000013589859,0.0
GNS,2025-05-01,0.3700000047683716,0.3889999985694885,0.35199999809265137,0.38499999046325684,1439200,0.38499999046325684,0.0
GNS,2025-05-02,0.3709999918937683,0.37700000405311584,0.3529999852180481,0.36399999260902405,893000,0.36399999260902405,0.0
GNS,2025-05-05,0.34700000286102295,0.3540000021457672,0.335999995470047,0.3370000123977661,797200,0.3370000123977661,0.0
GNS,2025-05-06,0.3370000123977661,0.3370000123977661,0.3019999861717224,0.32899999618530273,983500,0.32899999618530273,0.0
GNS,2025-05-07,0.3190000057220459,0.32600000500679016,0.30000001192092896,0.3199999928474426,887200,0.3199999928474426,0.0
GNS,2025-05-08,0.3659999966621399,0.4050000011920929,0.3070000112056732,0.36500000953674316,14364000,0.36500000953674316,0.0
GNS,2025-05-09,0.36500000953674316,0.41999998688697815,0.34599998593330383,0.4000000059604645,5458000,0.4000000059604645,0.0
GNS,2025-05-12,0.4320000112056732,0.4399999976158142,0.38199999928474426,0.41600000858306885,3968700,0.41600000858306885,0.0
GNS,2025-05-13,0.40799999237060547,0.4449999928474426,0.37599998712539673,0.421999990940094,1679100,0.421999990940094,0.0
GNS,2025-05-14,0.4099999964237213,0.4099999964237213,0.3610000014305115,0.3630000054836273,2455100,0.3630000054836273,0.0
GNS,2025-05-15,0.36000001430511475,0.367000013589859,0.3499999940395355,0.3659999966621399,1284100,0.3659999966621399,0.0
GNS,2025-05-16,0.3499999940395355,0.38999998569488525,0.3499999940395355,0.3889999985694885,787600,0.3889999985694885,0.0
GNS,2025-05-19,0.3779999911785126,0.38999998569488525,0.36500000953674316,0.3799999952316284,823000,0.3799999952316284,0.0
GNS,2025-05-20,0.3799999952316284,0.38499999046325684,0.35199999809265137,0.375,937000,0.375,0.0
GNS,2025-05-21,0.37400001287460327,0.4169999957084656,0.35100001096725464,0.375,5446700,0.375,0.0
GNS,2025-05-22,0.3959999978542328,0.4300000071525574,0.328000009059906,0.3449999988079071,35217600,0.3449999988079071,0.0
GNS,2025-05-23,0.3400000035762787,0.37400001287460327,0.3199999928474426,0.34599998593330383,3354200,0.34599998593330383,0.0
GNS,2025-05-27,0.3580000102519989,0.3580000102519989,0.3089999854564667,0.3400000035762787,2987900,0.3400000035762787,0.0
GNS,2025-05-28,0.33500000834465027,0.3400000035762787,0.30399999022483826,0.3070000112056732,1225600,0.3070000112056732,0.0
GNS,2025-05-29,0.3089999854564667,0.3319999873638153,0.3089999854564667,0.3269999921321869,972000,0.3269999921321869,0.0
GNS,2025-05-30,0.3330000042915344,0.3330000042915344,0.3019999861717224,0.3149999976158142,1440900,0.3149999976158142,0.0
GNS,2025-06-02,0.3070000112056732,0.33000001311302185,0.30000001192092896,0.33000001311302185,797200,0.33000001311302185,0.0
GNS,2025-06-03,0.3199999928474426,0.3449999988079071,0.3160000145435333,0.33000001311302185,1154400,0.33000001311302185,0.0
GNS,2025-06-04,0.3230000138282776,0.38499999046325684,0.3140000104904175,0.37599998712539673,4594800,0.37599998712539673,0.0
GNS,2025-06-05,0.3610000014305115,0.41999998688697815,0.3409999907016754,0.36000001430511475,5656000,0.36000001430511475,0.0
GNS,2025-06-06,0.36899998784065247,0.4300000071525574,0.36000001430511475,0.41999998688697815,3512600,0.41999998688697815,0.0
GNS,2025-06-09,0.4399999976158142,0.4740000069141388,0.4099999964237213,0.4300000071525574,4336100,0.4300000071525574,0.0
GNS,2025-06-10,0.4440000057220459,0.44999998807907104,0.39500001072883606,0.4129999876022339,4562300,0.4129999876022339,0.0
GNS,2025-06-11,0.4000000059604645,0.42100000381469727,0.36000001430511475,0.41999998688697815,2176000,0.41999998688697815,0.0
GNS,2025-06-12,0.4099999964237213,0.41499999165534973,0.38999998569488525,0.39500001072883606,1627900,0.39500001072883606,0.0
GNS,2025-06-13,0.3799999952316284,0.39399999380111694,0.36399999260902405,0.3840000033378601,1911600,0.3840000033378601,0.0
GNS,2025-06-16,0.3919999897480011,0.3919999897480011,0.3400000035762787,0.36399999260902405,2603600,0.36399999260902405,0.0
GNS,2025-06-17,0.36399999260902405,0.3700000047683716,0.3499999940395355,0.35499998927116394,1297700,0.35499998927116394,0.0
GNS,2025-06-18,0.3499999940395355,0.44999998807907104,0.3440000116825104,0.4480000138282776,8595400,0.4480000138282776,0.0
GNS,2025-06-20,0.47999998927116394,0.7099999785423279,0.46399998664855957,0.5460000038146973,66935800,0.5460000038146973,0.0
GNS,2025-06-23,0.5099999904632568,0.6430000066757202,0.4749999940395355,0.5339999794960022,10106100,0.5339999794960022,0.0
GNS,2025-06-24,0.5370000004768372,0.7200000286102295,0.4869999885559082,0.6970000267028809,32506900,0.6970000267028809,0.0
GNS,2025-06-25,0.800000011920929,0.8299999833106995,0.7200000286102295,0.7400000095367432,22037600,0.7400000095367432,0.0
GNS,2025-06-26,0.6850000023841858,1.309999942779541,0.6050000190734863,1.149999976158142,39425000,1.149999976158142,0.0
GNS,2025-06-27,1.1699999570846558,1.2000000476837158,0.9110000133514404,0.9850000143051147,15210200,0.9850000143051147,0.0
GNS,2025-06-30,1.190000057220459,1.5299999713897705,1.1749999523162842,1.3600000143051147,34171500,1.3600000143051147,0.0
GNS,2025-07-01,1.4500000476837158,1.5399999618530273,1.3200000524520874,1.440000057220459,13766200,1.440000057220459,0.0
GNS,2025-07-02,1.4500000476837158,1.5199999809265137,1.2699999809265137,1.3700000047683716,10518500,1.3700000047683716,0.0
GNS,2025-07-03,1.4299999475479126,1.5399999618530273,1.2999999523162842,1.440000057220459,8008100,1.440000057220459,0.0
GNS,2025-07-07,1.2999999523162842,1.399999976158142,1.100000023841858,1.340000033378601,14358700,1.340000033378601,0.0
GNS,2025-07-08,1.2999999523162842,1.350000023841858,1.0,1.1299999952316284,9724200,1.1299999952316284,0.0
GNS,2025-07-09,1.0,1.5,1.0,1.399999976158142,13423800,1.399999976158142,0.0
GNS,2025-07-10,1.5700000524520874,1.9199999570846558,1.5,1.5800000429153442,18884600,1.5800000429153442,0.0
GNS,2025-07-11,1.5199999809265137,1.7400000095367432,1.399999976158142,1.5800000429153442,4980000,1.5800000429153442,0.0
GNS,2025-07-14,1.690000057220459,1.7200000286102295,1.5700000524520874,1.5700000524520874,3885200,1.5700000524520874,0.0
GNS,2025-07-15,1.5800000429153442,1.5980000495910645,1.350000023841858,1.3899999856948853,5228800,1.3899999856948853,0.0
GNS,2025-07-16,1.409999966621399,1.649999976158142,1.350000023841858,1.5800000429153442,6924400,1.5800000429153442,0.0
GNS,2025-07-17,1.5700000524520874,1.600000023841858,1.4299999475479126,1.5099999904632568,6537100,1.5099999904632568,0.0
GNS,2025-07-18,1.4600000381469727,1.5,1.3220000267028809,1.3700000047683716,3910700,1.3700000047683716,0.0
GNS,2025-07-21,1.399999976158142,1.4129999876022339,1.1399999856948853,1.2000000476837158,6531400,1.2000000476837158,0.0
GNS,2025-07-22,1.2799999713897705,1.3899999856948853,1.2100000381469727,1.2899999618530273,3367300,1.2899999618530273,0.0
GNS,2025-07-23,1.2200000286102295,1.2389999628067017,1.0800000429153442,1.149999976158142,5683400,1.149999976158142,0.0
GNS,2025-07-24,1.1399999856948853,1.2100000381469727,1.059999942779541,1.190000057220459,4989300,1.190000057220459,0.0
GNS,2025-07-25,1.25,1.2589999437332153,1.100000023841858,1.1399999856948853,4518900,1.1399999856948853,0.0
GNS,2025-07-28,1.100000023841858,1.1109999418258667,0.9350000023841858,0.9900000095367432,5806200,0.9900000095367432,0.0
GNS,2025-07-29,1.0800000429153442,1.1299999952316284,0.9900000095367432,1.059999942779541,4855400,1.059999942779541,0.0
GNS,2025-07-30,1.0399999618530273,1.0499999523162842,0.9559999704360962,0.9559999704360962,2366800,0.9559999704360962,0.0
GNS,2025-07-31,0.9649999737739563,1.0800000429153442,0.9610000252723694,1.0199999809265137,2905400,1.0199999809265137,0.0
GNS,2025-08-01,0.9700000286102295,0.9879999756813049,0.8510000109672546,0.8849999904632568,2794200,0.8849999904632568,0.0
GNS,2025-08-04,0.8849999904632568,0.8999999761581421,0.8109999895095825,0.8399999737739563,2425000,0.8399999737739563,0.0
GNS,2025-08-05,0.8600000143051147,0.8799999952316284,0.8299999833106995,0.8500000238418579,1187200,0.8500000238418579,0.0
GNS,2025-08-06,0.8989999890327454,1.2200000286102295,0.8740000128746033,1.1399999856948853,16754000,1.1399999856948853,0.0
GNS,2025-08-07,1.159999966621399,1.2200000286102295,0.949999988079071,1.0,9683400,1.0,0.0
GNS,2025-08-08,1.0299999713897705,1.0299999713897705,0.9599999785423279,0.9769999980926514,2685900,0.9769999980926514,0.0
GNS,2025-08-11,0.9879999756813049,1.0299999713897705,0.949999988079071,0.9580000042915344,2316700,0.9580000042915344,0.0
GNS,2025-08-12,0.968999981880188,0.9800000190734863,0.8799999952316284,0.9440000057220459,2740400,0.9440000057220459,0.0
GNS,2025-08-13,0.8999999761581421,0.9200000166893005,0.8799999952316284,0.8930000066757202,2041900,0.8930000066757202,0.0
GNS,2025-08-14,0.8899999856948853,0.9800000190734863,0.8899999856948853,0.9399999976158142,1827700,0.9399999976158142,0.0
GNS,2025-08-15,0.9739999771118164,1.090000033378601,0.9490000009536743,1.0199999809265137,2889800,1.0199999809265137,0.0
GNS,2025-08-18,1.0399999618530273,1.0700000524520874,0.9800000190734863,1.0499999523162842,2647600,1.0499999523162842,0.0
GNS,2025-08-19,1.0299999713897705,1.0499999523162842,0.9449999928474426,0.9559999704360962,1834800,0.9559999704360962,0.0
GNS,2025-08-20,0.9700000286102295,0.9800000190734863,0.9110000133514404,0.9319999814033508,1366800,0.9319999814033508,0.0
GNS,2025-08-21,0.9300000071525574,0.9900000095367432,0.9269999861717224,0.9660000205039978,1151300,0.9660000205039978,0.0
GNS,2025-08-22,0.9700000286102295,1.0099999904632568,0.9539999961853027,1.0099999904632568,1381100,1.0099999904632568,0.0
GNS,2025-08-25,1.059999942779541,1.100000023841858,0.9850000143051147,1.0099999904632568,3281800,1.0099999904632568,0.0
GNS,2025-08-26,0.9660000205039978,0.9660000205039978,0.8999999761581421,0.8999999761581421,3778100,0.8999999761581421,0.0
GNS,2025-08-27,0.8809999823570251,0.8899999856948853,0.7900000214576721,0.7990000247955322,3129100,0.7990000247955322,0.0
GNS,2025-08-28,0.800000011920929,0.9700000286102295,0.796999990940094,0.9419999718666077,5561900,0.9419999718666077,0.0
GNS,2025-08-29,0.9599999785423279,0.9599999785423279,0.8799999952316284,0.8849999904632568,1054100,0.8849999904632568,0.0
GNS,2025-09-02,0.8799999952316284,0.9089999794960022,0.8299999833106995,0.8600000143051147,1733600,0.8600000143051147,0.0
GNS,2025-09-03,0.8579999804496765,0.8799999952316284,0.8299999833106995,0.8550000190734863,1193700,0.8550000190734863,0.0
GNS,2025-09-04,0.8299999833106995,0.8299999833106995,0.800000011920929,0.8299999833106995,1389000,0.8299999833106995,0.0
GNS,2025-09-05,0.800000011920929,0.8360000252723694,0.7360000014305115,0.800000011920929,1597500,0.800000011920929,0.0
GNS,2025-09-08,0.8190000057220459,0.8500000238418579,0.8059999942779541,0.8119999766349792,1155900,0.8119999766349792,0.0
GNS,2025-09-09,0.8119999766349792,0.8399999737739563,0.7919999957084656,0.824999988079071,1221300,0.824999988079071,0.0
GNS,2025-09-10,0.8289999961853027,0.8289999961853027,0.7149999737739563,0.7400000095367432,2109600,0.7400000095367432,0.0
GNS,2025-09-11,0.7599999904632568,0.9200000166893005,0.7599999904632568,0.8999999761581421,3734300,0.8999999761581421,0.0
GNS,2025-09-12,0.9200000166893005,1.1200000047683716,0.878000020980835,1.090000033378601,10461700,1.090000033378601,0.0
GNS,2025-09-15,1.25,1.2799999713897705,0.9980000257492065,1.0,9088000,1.0,0.0
GNS,2025-09-16,1.0,1.0199999809265137,0.9240000247955322,0.9900000095367432,3735400,0.9900000095367432,0.0
GNS,2025-09-17,0.9369999766349792,0.9890000224113464,0.9100000262260437,0.9200000166893005,2180000,0.9200000166893005,0.0
GNS,2025-09-18,0.9200000166893005,1.003999948501587,0.9120000004768372,0.9800000190734863,2169600,0.9800000190734863,0.0
GNS,2025-09-19,1.0499999523162842,1.0499999523162842,0.9380000233650208,0.9599999785423279,2006600,0.9599999785423279,0.0
GNS,2025-09-22,0.8899999856948853,0.9599999785423279,0.8500000238418579,0.9599999785423279,3322800,0.9599999785423279,0.0
GNS,2025-09-23,0.8930000066757202,0.9480000138282776,0.8899999856948853,0.906000018119812,1492700,0.906000018119812,0.0
GNS,2025-09-24,0.9100000262260437,0.9599999785423279,0.9020000100135803,0.9599999785423279,1784000,0.9599999785423279,0.0
GNS,2025-09-25,0.9309999942779541,0.9599999785423279,0.8899999856948853,0.9350000023841858,1687900,0.9350000023841858,0.0
GNS,2025-09-26,0.9200000166893005,1.0199999809265137,0.9100000262260437,0.9800000190734863,2129200,0.9800000190734863,0.0
GNS,2025-09-29,1.0199999809265137,1.0299999713897705,0.9800000190734863,1.0199999809265137,1593500,1.0199999809265137,0.0
