symbol,date,open,high,low,close,volume,adjclose,dividends,splits
WDTE,2023-09-19,60.08399963378906,60.18000030517578,59.70000076293945,60.00899887084961,9033,26.279951095581055,0.0,0.0
WDTE,2023-09-20,60.36000061035156,60.36000061035156,59.63999938964844,59.7599983215332,27433,26.170917510986328,0.0,0.0
WDTE,2023-09-21,59.849998474121094,59.849998474121094,58.77000045776367,58.77000045776367,37000,25.737354278564453,0.0,0.0
WDTE,2023-09-22,58.5,59.06999969482422,58.5,58.797000885009766,24667,25.749176025390625,0.0,0.0
WDTE,2023-09-25,58.95000076293945,59.15999984741211,58.650001525878906,59.15999984741211,26200,25.90814781188965,0.0,0.0
WDTE,2023-09-26,59.189998626708984,59.189998626708984,58.30500030517578,58.391998291015625,31700,25.57181167602539,0.0,0.0
WDTE,2023-09-27,58.650001525878906,58.650001525878906,57.98400115966797,58.529998779296875,15367,25.632234573364258,0.0,0.0
WDTE,2023-09-28,58.380001068115234,58.88999938964844,58.380001068115234,58.83300018310547,11367,25.764938354492188,0.0,0.0
WDTE,2023-09-29,59.4900016784668,59.58000183105469,58.59000015258789,59.040000915527344,137167,25.85559844970703,0.0,0.0
WDTE,2023-10-02,57.0,57.0,55.91999816894531,56.25,101167,25.814294815063477,2.7,0.0
WDTE,2023-10-03,56.130001068115234,56.25,55.470001220703125,55.709999084472656,41600,25.566482543945312,0.0,0.0
WDTE,2023-10-04,55.86000061035156,56.06999969482422,55.59000015258789,55.97999954223633,36467,25.690387725830078,0.0,0.0
WDTE,2023-10-05,55.97999954223633,56.040000915527344,55.560001373291016,55.97999954223633,51167,25.690387725830078,0.0,0.0
WDTE,2023-10-06,55.79999923706055,56.400001525878906,55.59000015258789,56.34000015258789,53400,25.85559844970703,0.0,0.0
WDTE,2023-10-09,56.4900016784668,56.7599983215332,56.15999984741211,56.66999816894531,47800,26.007038116455078,0.0,0.0
WDTE,2023-10-10,56.970001220703125,56.970001220703125,56.70000076293945,56.939998626708984,61433,26.130950927734375,0.0,0.0
WDTE,2023-10-11,57.09000015258789,57.18000030517578,56.90999984741211,57.18000030517578,44700,26.241092681884766,0.0,0.0
WDTE,2023-10-12,57.36000061035156,57.36000061035156,56.52000045776367,57.0,43867,26.158485412597656,0.0,0.0
WDTE,2023-10-13,57.150001525878906,57.18000030517578,56.61000061035156,56.849998474121094,42967,26.089645385742188,0.0,0.0
WDTE,2023-10-16,57.18000030517578,57.209999084472656,57.060001373291016,57.18000030517578,69433,26.241092681884766,0.0,0.0
WDTE,2023-10-17,57.029998779296875,57.38999938964844,56.81999969482422,57.29999923706055,68800,26.296157836914062,0.0,0.0
WDTE,2023-10-18,57.2400016784668,57.2400016784668,56.54999923706055,56.70000076293945,80633,26.020811080932617,0.0,0.0
WDTE,2023-10-19,56.880001068115234,56.939998626708984,56.25,56.43000030517578,83933,25.896902084350586,0.0,0.0
WDTE,2023-10-20,56.34000015258789,56.61000061035156,55.83000183105469,55.95000076293945,77667,25.676616668701172,0.0,0.0
WDTE,2023-10-23,56.0099983215332,56.15999984741211,55.59000015258789,55.88999938964844,74100,25.649078369140625,0.0,0.0
WDTE,2023-10-24,56.0099983215332,56.15999984741211,55.86000061035156,56.15999984741211,54567,25.772991180419922,0.0,0.0
WDTE,2023-10-25,56.099998474121094,56.099998474121094,55.5359992980957,55.650001525878906,62700,25.5389404296875,0.0,0.0
WDTE,2023-10-26,55.529998779296875,55.665000915527344,55.00199890136719,55.16999816894531,39867,25.31865692138672,0.0,0.0
WDTE,2023-10-27,55.380001068115234,55.380001068115234,54.88199996948242,55.04999923706055,58467,25.263580322265625,0.0,0.0
WDTE,2023-10-30,55.380001068115234,55.439998626708984,55.2599983215332,55.439998626708984,68233,25.442564010620117,0.0,0.0
WDTE,2023-10-31,55.650001525878906,55.74599838256836,55.290000915527344,55.7400016784668,158700,25.580242156982422,0.0,0.0
WDTE,2023-11-01,53.220001220703125,53.34000015258789,53.040000915527344,53.34000015258789,72867,25.739490509033203,2.73,0.0
WDTE,2023-11-02,53.58000183105469,53.61000061035156,53.400001525878906,53.459999084472656,64233,25.797393798828125,0.0,0.0
WDTE,2023-11-03,53.70000076293945,53.880001068115234,53.61000061035156,53.880001068115234,69867,26.00007438659668,0.0,0.0
WDTE,2023-11-06,53.849998474121094,54.09000015258789,53.7599983215332,54.09000015258789,92333,26.101402282714844,0.0,0.0
WDTE,2023-11-07,54.150001525878906,54.2400016784668,53.970001220703125,54.2400016784668,77667,26.173789978027344,0.0,0.0
WDTE,2023-11-08,54.150001525878906,54.36000061035156,54.09000015258789,54.36000061035156,38233,26.23169708251953,0.0,0.0
WDTE,2023-11-09,54.47999954223633,54.47999954223633,53.888999938964844,53.970001220703125,46800,26.043500900268555,0.0,0.0
WDTE,2023-11-10,54.150001525878906,54.209999084472656,54.060001373291016,54.209999084472656,62300,26.159305572509766,0.0,0.0
WDTE,2023-11-13,54.029998779296875,54.29999923706055,53.970001220703125,54.2400016784668,50733,26.173789978027344,0.0,0.0
WDTE,2023-11-14,54.47999954223633,54.540000915527344,54.41999816894531,54.540000915527344,112400,26.31855583190918,0.0,0.0
WDTE,2023-11-15,54.630001068115234,54.75,54.61199951171875,54.720001220703125,52700,26.405418395996094,0.0,0.0
WDTE,2023-11-16,54.75,54.900001525878906,54.60900115966797,54.900001525878906,59500,26.492259979248047,0.0,0.0
WDTE,2023-11-17,55.08000183105469,55.11000061035156,54.84000015258789,55.11000061035156,67833,26.593610763549805,0.0,0.0
WDTE,2023-11-20,55.11000061035156,55.2599983215332,55.04999923706055,55.22999954223633,69467,26.65151023864746,0.0,0.0
WDTE,2023-11-21,55.22999954223633,55.32600021362305,55.04999923706055,55.22999954223633,52167,26.65151023864746,0.0,0.0
WDTE,2023-11-22,55.349998474121094,55.40999984741211,55.290000915527344,55.380001068115234,59067,26.723892211914062,0.0,0.0
WDTE,2023-11-24,55.5,55.5,55.380001068115234,55.470001220703125,63767,26.76732635498047,0.0,0.0
WDTE,2023-11-27,55.470001220703125,55.560001373291016,55.380001068115234,55.5,115667,26.781808853149414,0.0,0.0
WDTE,2023-11-28,55.5,55.59000015258789,55.349998474121094,55.560001373291016,82800,26.81077003479004,0.0,0.0
WDTE,2023-11-29,55.7400016784668,55.7400016784668,55.529998779296875,55.650001525878906,103133,26.854188919067383,0.0,0.0
WDTE,2023-11-30,55.709999084472656,55.77000045776367,55.5,55.77000045776367,125167,26.912099838256836,0.0,0.0
WDTE,2023-12-01,53.90999984741211,54.0,53.54999923706055,53.970001220703125,126533,26.987106323242188,1.95,0.0
WDTE,2023-12-04,53.7599983215332,53.78099822998047,53.52000045776367,53.72999954223633,66733,26.867088317871094,0.0,0.0
WDTE,2023-12-05,53.70000076293945,53.90999984741211,53.63999938964844,53.880001068115234,50900,26.942108154296875,0.0,0.0
WDTE,2023-12-06,54.029998779296875,54.029998779296875,53.63999938964844,53.72999954223633,67333,26.867088317871094,0.0,0.0
WDTE,2023-12-07,53.880001068115234,53.880001068115234,53.72999954223633,53.880001068115234,56333,26.942108154296875,0.0,0.0
WDTE,2023-12-08,53.970001220703125,54.119998931884766,53.849998474121094,54.119998931884766,47300,27.062105178833008,0.0,0.0
WDTE,2023-12-11,54.119998931884766,54.29999923706055,54.029998779296875,54.29999923706055,46400,27.15210723876953,0.0,0.0
WDTE,2023-12-12,54.209999084472656,54.5099983215332,54.15599822998047,54.5099983215332,30000,27.257122039794922,0.0,0.0
WDTE,2023-12-13,54.599998474121094,54.75,54.5099983215332,54.630001068115234,64300,27.3171329498291,0.0,0.0
WDTE,2023-12-14,54.900001525878906,54.959999084472656,54.75,54.959999084472656,70967,27.482141494750977,0.0,0.0
WDTE,2023-12-15,54.959999084472656,55.02000045776367,54.810001373291016,54.900001525878906,125133,27.452123641967773,0.0,0.0
WDTE,2023-12-18,55.20000076293945,55.31999969482422,55.13999938964844,55.31999969482422,70133,27.66214370727539,0.0,0.0
WDTE,2023-12-19,55.349998474121094,55.5,55.31999969482422,55.5,73067,27.752166748046875,0.0,0.0
WDTE,2023-12-20,55.470001220703125,55.560001373291016,54.75299835205078,54.779998779296875,73200,27.39214324951172,0.0,0.0
WDTE,2023-12-21,55.20000076293945,55.20000076293945,54.869998931884766,55.11000061035156,70567,27.55714988708496,0.0,0.0
WDTE,2023-12-22,55.22999954223633,55.290000915527344,55.055999755859375,55.290000915527344,48400,27.647144317626953,0.0,0.0
WDTE,2023-12-26,55.22999954223633,55.470001220703125,55.22999954223633,55.40999984741211,89700,27.7071590423584,0.0,0.0
WDTE,2023-12-27,55.380001068115234,55.619998931884766,55.349998474121094,55.470001220703125,97333,27.737152099609375,0.0,0.0
WDTE,2023-12-28,54.150001525878906,54.18000030517578,54.08700180053711,54.18000030517578,103500,27.8450927734375,1.5,0.0
WDTE,2023-12-29,54.18000030517578,54.198001861572266,53.823001861572266,54.119998931884766,85867,27.814254760742188,0.0,0.0
WDTE,2024-01-02,53.63999938964844,53.849998474121094,53.52000045776367,53.790000915527344,104133,27.644657135009766,0.0,0.0
WDTE,2024-01-03,53.459999084472656,53.63399887084961,53.369998931884766,53.54999923706055,68333,27.521305084228516,0.0,0.0
WDTE,2024-01-04,53.43000030517578,53.58000183105469,53.279998779296875,53.369998931884766,77700,27.428800582885742,0.0,0.0
WDTE,2024-01-05,53.310001373291016,53.54999923706055,53.28300094604492,53.54999923706055,55933,27.521305084228516,0.0,0.0
WDTE,2024-01-08,53.52000045776367,53.72999954223633,53.52000045776367,53.72999954223633,48967,27.613811492919922,0.0,0.0
WDTE,2024-01-09,53.4900016784668,53.72999954223633,53.415000915527344,53.72999954223633,58500,27.613811492919922,0.0,0.0
WDTE,2024-01-10,53.81999969482422,53.90999984741211,53.750999450683594,53.90999984741211,49333,27.70631217956543,0.0,0.0
WDTE,2024-01-11,53.970001220703125,54.029998779296875,53.54999923706055,53.939998626708984,44733,27.721742630004883,0.0,0.0
WDTE,2024-01-12,54.0,54.150001525878906,53.94599914550781,54.060001373291016,39633,27.783411026000977,0.0,0.0
WDTE,2024-01-16,54.119998931884766,54.18000030517578,53.849998474121094,54.119998931884766,86233,27.814254760742188,0.0,0.0
WDTE,2024-01-17,53.939998626708984,53.939998626708984,53.58000183105469,53.849998474121094,39900,27.675485610961914,0.0,0.0
WDTE,2024-01-18,54.09000015258789,54.09000015258789,53.882999420166016,54.029998779296875,43533,27.768001556396484,0.0,0.0
WDTE,2024-01-19,54.18000030517578,54.27000045776367,54.060001373291016,54.27000045776367,46500,27.89133644104004,0.0,0.0
WDTE,2024-01-22,54.38999938964844,54.41999816894531,54.29999923706055,54.41999816894531,56433,27.968425750732422,0.0,0.0
WDTE,2024-01-23,54.41999816894531,54.599998474121094,54.38999938964844,54.599998474121094,29867,28.060930252075195,0.0,0.0
WDTE,2024-01-24,54.75,54.75,54.65999984741211,54.75,44900,28.13802146911621,0.0,0.0
WDTE,2024-01-25,54.869998931884766,54.869998931884766,54.75,54.869998931884766,44033,28.1997127532959,0.0,0.0
WDTE,2024-01-26,54.900001525878906,54.9900016784668,54.810001373291016,54.93000030517578,44467,28.230539321899414,0.0,0.0
WDTE,2024-01-29,55.08000183105469,55.154998779296875,54.93899917602539,55.13999938964844,70633,28.338464736938477,0.0,0.0
WDTE,2024-01-30,55.16999816894531,55.20000076293945,55.08000183105469,55.16999816894531,32333,28.353883743286133,0.0,0.0
WDTE,2024-01-31,54.9900016784668,55.11000061035156,54.45000076293945,54.45000076293945,73533,27.983850479125977,0.0,0.0
WDTE,2024-02-01,53.099998474121094,53.099998474121094,52.83000183105469,53.040000915527344,90067,28.159053802490234,1.74,0.0
WDTE,2024-02-02,53.220001220703125,53.34000015258789,53.040000915527344,53.34000015258789,70033,28.318313598632812,0.0,0.0
WDTE,2024-02-05,53.25,53.279998779296875,52.875,53.189998626708984,96367,28.238670349121094,0.0,0.0
WDTE,2024-02-06,53.310001373291016,53.369998931884766,53.124000549316406,53.369998931884766,64333,28.334239959716797,0.0,0.0
WDTE,2024-02-07,53.58000183105469,53.58000183105469,53.400001525878906,53.52000045776367,63933,28.41388511657715,0.0,0.0
WDTE,2024-02-08,53.43000030517578,53.61000061035156,53.43000030517578,53.61000061035156,48333,28.46166229248047,0.0,0.0
WDTE,2024-02-09,53.7599983215332,53.81999969482422,53.58300018310547,53.81999969482422,45400,28.573148727416992,0.0,0.0
WDTE,2024-02-12,53.90999984741211,53.90999984741211,53.70000076293945,53.81999969482422,72733,28.573148727416992,0.0,0.0
WDTE,2024-02-13,53.4900016784668,53.4900016784668,52.724998474121094,53.130001068115234,96167,28.20682144165039,0.0,0.0
WDTE,2024-02-14,53.43000030517578,53.43000030517578,53.124000549316406,53.310001373291016,49567,28.302392959594727,0.0,0.0
WDTE,2024-02-15,53.220001220703125,53.459999084472656,53.189998626708984,53.459999084472656,30600,28.382030487060547,0.0,0.0
WDTE,2024-02-16,53.61000061035156,53.61000061035156,53.189998626708984,53.310001373291016,45733,28.302392959594727,0.0,0.0
WDTE,2024-02-20,53.400001525878906,53.400001525878906,52.88999938964844,53.130001068115234,74333,28.20682144165039,0.0,0.0
WDTE,2024-02-21,53.040000915527344,53.279998779296875,52.88999938964844,53.279998779296875,52800,28.286460876464844,0.0,0.0
WDTE,2024-02-22,53.63999938964844,53.63999938964844,53.459999084472656,53.54999923706055,59567,28.42980194091797,0.0,0.0
WDTE,2024-02-23,53.70000076293945,53.70000076293945,53.54999923706055,53.70000076293945,55933,28.509445190429688,0.0,0.0
WDTE,2024-02-26,53.790000915527344,53.790000915527344,53.52000045776367,53.58000183105469,101767,28.445728302001953,0.0,0.0
WDTE,2024-02-27,53.63999938964844,53.72999954223633,53.48400115966797,53.72999954223633,76200,28.52536964416504,0.0,0.0
WDTE,2024-02-28,53.72999954223633,53.72999954223633,53.54999923706055,53.70000076293945,65700,28.509445190429688,0.0,0.0
WDTE,2024-02-29,53.849998474121094,53.880001068115234,53.66999816894531,53.880001068115234,91667,28.605009078979492,0.0,0.0
WDTE,2024-03-01,52.2599983215332,52.31999969482422,52.04999923706055,52.31999969482422,84767,28.73682403564453,1.8,0.0
WDTE,2024-03-04,52.380001068115234,52.5,52.22999954223633,52.290000915527344,64333,28.7203369140625,0.0,0.0
WDTE,2024-03-05,52.22999954223633,52.22999954223633,51.56999969482422,51.84000015258789,87367,28.47319221496582,0.0,0.0
WDTE,2024-03-06,52.11000061035156,52.11000061035156,51.9119987487793,52.04999923706055,63667,28.58852195739746,0.0,0.0
WDTE,2024-03-07,52.04999923706055,52.22999954223633,52.04999923706055,52.13999938964844,106333,28.637962341308594,0.0,0.0
WDTE,2024-03-08,52.13999938964844,52.439998626708984,51.93000030517578,52.04999923706055,92200,28.58852195739746,0.0,0.0
WDTE,2024-03-11,51.900001525878906,52.08000183105469,51.72600173950195,52.08000183105469,74000,28.605009078979492,0.0,0.0
WDTE,2024-03-12,52.16999816894531,52.31999969482422,52.08000183105469,52.2599983215332,40000,28.70387077331543,0.0,0.0
WDTE,2024-03-13,52.349998474121094,52.380001068115234,52.16999816894531,52.290000915527344,49700,28.7203369140625,0.0,0.0
WDTE,2024-03-14,52.40999984741211,52.40999984741211,51.9900016784668,52.290000915527344,48700,28.7203369140625,0.0,0.0
WDTE,2024-03-15,52.22999954223633,52.22999954223633,51.84000015258789,51.9900016784668,55933,28.555572509765625,0.0,0.0
WDTE,2024-03-18,52.08000183105469,52.20000076293945,52.08000183105469,52.13999938964844,69633,28.637962341308594,0.0,0.0
WDTE,2024-03-19,52.11000061035156,52.349998474121094,52.04999923706055,52.31999969482422,91333,28.73682403564453,0.0,0.0
WDTE,2024-03-20,52.349998474121094,52.650001525878906,52.31999969482422,52.650001525878906,55733,28.9180850982666,0.0,0.0
WDTE,2024-03-21,52.83000183105469,52.86000061035156,52.68000030517578,52.86000061035156,37133,29.03341293334961,0.0,0.0
WDTE,2024-03-22,52.86000061035156,52.91999816894531,52.77000045776367,52.86000061035156,43100,29.03341293334961,0.0,0.0
WDTE,2024-03-25,52.83000183105469,52.83000183105469,52.709999084472656,52.77000045776367,66433,28.983997344970703,0.0,0.0
WDTE,2024-03-26,52.91999816894531,52.91999816894531,52.650001525878906,52.68000030517578,43233,28.93454933166504,0.0,0.0
WDTE,2024-03-27,52.83000183105469,52.83000183105469,52.709999084472656,52.77000045776367,53067,28.983997344970703,0.0,0.0
WDTE,2024-03-28,52.79999923706055,52.91999816894531,52.79999923706055,52.86000061035156,75933,29.03341293334961,0.0,0.0
WDTE,2024-04-01,51.56999969482422,51.56999969482422,51.119998931884766,51.27000045776367,94033,29.067441940307617,1.65,0.0
WDTE,2024-04-02,51.0,51.0,50.73899841308594,51.0,52467,28.914358139038086,0.0,0.0
WDTE,2024-04-03,50.880001068115234,51.119998931884766,50.849998474121094,51.029998779296875,52600,28.931371688842773,0.0,0.0
WDTE,2024-04-04,51.150001525878906,51.2400016784668,50.4900016784668,50.4900016784668,94633,28.625234603881836,0.0,0.0
WDTE,2024-04-05,50.58000183105469,50.90999984741211,50.58000183105469,50.849998474121094,64033,28.829317092895508,0.0,0.0
WDTE,2024-04-08,50.7599983215332,51.060001373291016,50.7599983215332,50.939998626708984,51600,28.880361557006836,0.0,0.0
WDTE,2024-04-09,51.09000015258789,51.119998931884766,50.654998779296875,51.09000015258789,47833,28.965389251708984,0.0,0.0
WDTE,2024-04-10,50.61000061035156,50.95500183105469,50.61000061035156,50.849998474121094,48700,28.829317092895508,0.0,0.0
WDTE,2024-04-11,50.849998474121094,51.119998931884766,50.70000076293945,51.09000015258789,35567,28.965389251708984,0.0,0.0
WDTE,2024-04-12,50.849998474121094,50.939998626708984,50.279998779296875,50.459999084472656,54867,28.608217239379883,0.0,0.0
WDTE,2024-04-15,50.54999923706055,50.72999954223633,49.95000076293945,49.95000076293945,81800,28.31907081604004,0.0,0.0
WDTE,2024-04-16,50.040000915527344,50.279998779296875,49.91999816894531,50.130001068115234,44167,28.421123504638672,0.0,0.0
WDTE,2024-04-17,50.220001220703125,50.30400085449219,49.7400016784668,49.86000061035156,43767,28.268030166625977,0.0,0.0
WDTE,2024-04-18,49.91999816894531,50.06999969482422,49.79999923706055,49.83000183105469,30833,28.25102996826172,0.0,0.0
WDTE,2024-04-19,49.709999084472656,49.88999938964844,49.380001068115234,49.560001373291016,30767,28.097949981689453,0.0,0.0
WDTE,2024-04-22,49.77000045776367,49.83000183105469,49.619998931884766,49.79999923706055,35133,28.23401641845703,0.0,0.0
WDTE,2024-04-23,49.83000183105469,50.0099983215332,49.83000183105469,49.97999954223633,17967,28.336078643798828,0.0,0.0
WDTE,2024-04-24,50.06999969482422,50.15999984741211,49.904998779296875,50.15999984741211,20233,28.4381160736084,0.0,0.0
WDTE,2024-04-25,49.709999084472656,50.040000915527344,49.428001403808594,50.040000915527344,47633,28.370092391967773,0.0,0.0
WDTE,2024-04-26,50.130001068115234,50.34000015258789,50.130001068115234,50.279998779296875,35233,28.506168365478516,0.0,0.0
WDTE,2024-04-29,50.459999084472656,50.54999923706055,50.310001373291016,50.52000045776367,65233,28.642223358154297,0.0,0.0
WDTE,2024-04-30,50.52000045776367,50.52000045776367,49.86000061035156,49.86000061035156,53033,28.268030166625977,0.0,0.0
WDTE,2024-05-01,47.43000030517578,47.90999984741211,47.415000915527344,47.459999084472656,95767,28.19852066040039,2.283,0.0
WDTE,2024-05-02,47.61000061035156,47.72999954223633,47.43000030517578,47.72999954223633,30067,28.358951568603516,0.0,0.0
WDTE,2024-05-03,48.0,48.060001373291016,47.970001220703125,48.060001373291016,54567,28.555015563964844,0.0,0.0
WDTE,2024-05-06,48.209999084472656,48.2400016784668,48.14400100708008,48.2400016784668,53567,28.661972045898438,0.0,0.0
WDTE,2024-05-07,48.209999084472656,48.33000183105469,48.209999084472656,48.33000183105469,62233,28.71544075012207,0.0,0.0
WDTE,2024-05-08,48.38999938964844,48.38999938964844,48.209999084472656,48.38999938964844,40867,28.751094818115234,0.0,0.0
WDTE,2024-05-09,48.47999954223633,48.5099983215332,48.36600112915039,48.47999954223633,48267,28.804567337036133,0.0,0.0
WDTE,2024-05-10,48.540000915527344,48.630001068115234,48.540000915527344,48.630001068115234,52433,28.8936824798584,0.0,0.0
WDTE,2024-05-13,48.65999984741211,48.720001220703125,48.599998474121094,48.689998626708984,51700,28.929330825805664,0.0,0.0
WDTE,2024-05-14,48.689998626708984,48.900001525878906,48.689998626708984,48.900001525878906,35033,29.05410385131836,0.0,0.0
WDTE,2024-05-15,48.9900016784668,49.16999816894531,48.9900016784668,49.16999816894531,40233,29.214509963989258,0.0,0.0
WDTE,2024-05-16,49.20000076293945,49.2599983215332,49.08000183105469,49.16999816894531,26433,29.214509963989258,0.0,0.0
WDTE,2024-05-17,49.2599983215332,49.290000915527344,49.04999923706055,49.290000915527344,22633,29.28582763671875,0.0,0.0
WDTE,2024-05-20,49.380001068115234,49.380001068115234,49.2599983215332,49.349998474121094,42400,29.32146644592285,0.0,0.0
WDTE,2024-05-21,49.349998474121094,49.439998626708984,49.2599983215332,49.439998626708984,21300,29.37495231628418,0.0,0.0
WDTE,2024-05-22,49.470001220703125,49.5,49.154998779296875,49.380001068115234,29700,29.339298248291016,0.0,0.0
WDTE,2024-05-23,49.619998931884766,49.619998931884766,49.04999923706055,49.20000076293945,28167,29.23235321044922,0.0,0.0
WDTE,2024-05-24,49.22999954223633,49.31999969482422,49.22999954223633,49.31999969482422,22933,29.303651809692383,0.0,0.0
WDTE,2024-05-28,49.380001068115234,49.40999984741211,49.16999816894531,49.40999984741211,59100,29.357128143310547,0.0,0.0
WDTE,2024-05-29,49.349998474121094,49.349998474121094,49.08000183105469,49.16999816894531,34733,29.214509963989258,0.0,0.0
WDTE,2024-05-30,49.02000045776367,49.13999938964844,48.84000015258789,48.93000030517578,31100,29.071928024291992,0.0,0.0
WDTE,2024-05-31,49.13999938964844,49.13999938964844,48.6150016784668,49.13999938964844,50700,29.19670867919922,0.0,0.0
WDTE,2024-06-03,47.66999816894531,47.66999816894531,47.130001068115234,47.63999938964844,61900,29.294483184814453,1.659,0.0
WDTE,2024-06-04,47.54999923706055,47.7599983215332,47.465999603271484,47.7599983215332,38533,29.36825942993164,0.0,0.0
WDTE,2024-06-05,47.790000915527344,47.939998626708984,47.7599983215332,47.90999984741211,58900,29.46050453186035,0.0,0.0
WDTE,2024-06-06,47.880001068115234,48.0,47.80500030517578,48.0,57000,29.515850067138672,0.0,0.0
WDTE,2024-06-07,47.970001220703125,48.119998931884766,47.81999969482422,47.970001220703125,70867,29.49739646911621,0.0,0.0
WDTE,2024-06-10,47.90999984741211,48.18000030517578,47.90999984741211,48.060001373291016,55800,29.552738189697266,0.0,0.0
WDTE,2024-06-11,48.029998779296875,48.2400016784668,47.90999984741211,48.2400016784668,52667,29.663423538208008,0.0,0.0
WDTE,2024-06-12,48.47999954223633,48.56999969482422,48.47999954223633,48.56999969482422,58867,29.866352081298828,0.0,0.0
WDTE,2024-06-13,48.540000915527344,48.73500061035156,48.45000076293945,48.65999984741211,32100,29.92168426513672,0.0,0.0
WDTE,2024-06-14,48.599998474121094,48.75,48.47999954223633,48.75,32533,29.977027893066406,0.0,0.0
WDTE,2024-06-17,48.779998779296875,48.85499954223633,48.689998626708984,48.810001373291016,31033,30.013919830322266,0.0,0.0
WDTE,2024-06-18,48.810001373291016,48.98699951171875,48.810001373291016,48.959999084472656,32800,30.10615348815918,0.0,0.0
WDTE,2024-06-20,49.02000045776367,49.11000061035156,48.84000015258789,48.9900016784668,236000,30.124601364135742,0.0,0.0
WDTE,2024-06-21,48.84000015258789,49.02000045776367,48.84000015258789,48.9900016784668,30333,30.124601364135742,0.0,0.0
WDTE,2024-06-24,49.02000045776367,49.08000183105469,48.869998931884766,48.900001525878906,60767,30.06926918029785,0.0,0.0
WDTE,2024-06-25,49.11000061035156,49.11000061035156,48.869998931884766,49.04999923706055,28733,30.161495208740234,0.0,0.0
WDTE,2024-06-26,49.16999816894531,49.16999816894531,48.959999084472656,49.16999816894531,72867,30.235280990600586,0.0,0.0
WDTE,2024-06-27,49.20000076293945,49.244998931884766,49.11000061035156,49.22999954223633,50500,30.272192001342773,0.0,0.0
WDTE,2024-06-28,49.2599983215332,49.40999984741211,49.08000183105469,49.11000061035156,74033,30.198392868041992,0.0,0.0
WDTE,2024-07-01,47.939998626708984,47.939998626708984,47.66999816894531,47.880001068115234,62833,30.29711151123047,1.386,0.0
WDTE,2024-07-02,47.849998474121094,48.119998931884766,47.849998474121094,48.119998931884766,53067,30.44896125793457,0.0,0.0
WDTE,2024-07-03,48.029998779296875,48.18000030517578,48.029998779296875,48.150001525878906,68333,30.467967987060547,0.0,0.0
WDTE,2024-07-05,48.27000045776367,48.36000061035156,48.18299865722656,48.36000061035156,39867,30.60083770751953,0.0,0.0
WDTE,2024-07-08,48.29999923706055,48.45000076293945,48.29999923706055,48.41999816894531,59100,30.63880729675293,0.0,0.0
WDTE,2024-07-09,48.41999816894531,48.56700134277344,48.41999816894531,48.5099983215332,34300,30.695756912231445,0.0,0.0
WDTE,2024-07-10,48.56999969482422,48.689998626708984,48.56999969482422,48.65999984741211,39667,30.790668487548828,0.0,0.0
WDTE,2024-07-11,48.84000015258789,48.84000015258789,48.345001220703125,48.41999816894531,49600,30.63880729675293,0.0,0.0
WDTE,2024-07-12,48.599998474121094,48.599998474121094,48.45000076293945,48.56999969482422,22967,30.733734130859375,0.0,0.0
WDTE,2024-07-15,48.599998474121094,48.74700164794922,48.599998474121094,48.720001220703125,33700,30.828641891479492,0.0,0.0
WDTE,2024-07-16,48.75,48.93000030517578,48.75,48.900001525878906,33633,30.942533493041992,0.0,0.0
WDTE,2024-07-17,48.540000915527344,48.689998626708984,48.29999923706055,48.36000061035156,44400,30.60083770751953,0.0,0.0
WDTE,2024-07-18,48.29999923706055,48.45000076293945,47.81999969482422,47.970001220703125,67867,30.354055404663086,0.0,0.0
WDTE,2024-07-19,47.849998474121094,48.060001373291016,47.70000076293945,47.70000076293945,42433,30.183208465576172,0.0,0.0
WDTE,2024-07-22,47.849998474121094,47.939998626708984,47.849998474121094,47.939998626708984,34500,30.335073471069336,0.0,0.0
WDTE,2024-07-23,47.90999984741211,48.08399963378906,47.90999984741211,47.939998626708984,31500,30.335073471069336,0.0,0.0
WDTE,2024-07-24,47.63999938964844,47.63999938964844,46.91999816894531,47.040000915527344,54167,29.765581130981445,0.0,0.0
WDTE,2024-07-25,46.95000076293945,47.183998107910156,46.755001068115234,46.79999923706055,35600,29.613719940185547,0.0,0.0
WDTE,2024-07-26,46.97999954223633,47.15999984741211,46.97999954223633,47.15999984741211,39633,29.841516494750977,0.0,0.0
WDTE,2024-07-29,47.06999969482422,47.34000015258789,47.06999969482422,47.34000015258789,46933,29.95541000366211,0.0,0.0
WDTE,2024-07-30,47.369998931884766,47.43000030517578,46.88999938964844,47.189998626708984,48300,29.860502243041992,0.0,0.0
WDTE,2024-07-31,45.900001525878906,45.900001525878906,45.779998779296875,45.810001373291016,38467,30.053375244140625,1.674,0.0
WDTE,2024-08-01,45.89099884033203,46.220001220703125,45.04499816894531,45.08000183105469,86400,29.574459075927734,0.0,0.3333333333333333
WDTE,2024-08-02,44.880001068115234,45.14899826049805,44.470001220703125,44.88999938964844,145000,29.449817657470703,0.0,0.0
WDTE,2024-08-05,42.77000045776367,44.2400016784668,42.77000045776367,44.02000045776367,106200,28.879058837890625,0.0,0.0
WDTE,2024-08-06,44.02000045776367,44.25,43.8489990234375,44.13999938964844,82800,28.957782745361328,0.0,0.0
WDTE,2024-08-07,44.400001525878906,44.57899856567383,43.959999084472656,44.04999923706055,44900,28.898744583129883,0.0,0.0
WDTE,2024-08-08,44.349998474121094,44.5099983215332,44.25,44.400001525878906,28100,29.12835693359375,0.0,0.0
WDTE,2024-08-09,44.380001068115234,44.7599983215332,44.369998931884766,44.66999816894531,35200,29.305496215820312,0.0,0.0
WDTE,2024-08-12,44.869998931884766,44.88999938964844,44.6349983215332,44.84000015258789,25300,29.417015075683594,0.0,0.0
WDTE,2024-08-13,44.93000030517578,45.13999938964844,44.93000030517578,45.099998474121094,23100,29.587587356567383,0.0,0.0
WDTE,2024-08-14,45.150001525878906,45.375,45.06999969482422,45.279998779296875,51500,29.705671310424805,0.0,0.0
WDTE,2024-08-15,45.66999816894531,45.66999816894531,45.5099983215332,45.56999969482422,23400,29.89592170715332,0.0,0.0
WDTE,2024-08-16,45.599998474121094,45.790000915527344,45.52000045776367,45.7400016784668,23500,30.007455825805664,0.0,0.0
WDTE,2024-08-19,45.65999984741211,45.98899841308594,45.65999984741211,45.939998626708984,36400,30.138662338256836,0.0,0.0
WDTE,2024-08-20,45.849998474121094,46.00699996948242,45.847999572753906,46.0,22400,30.178022384643555,0.0,0.0
WDTE,2024-08-21,46.09000015258789,46.16999816894531,45.98500061035156,46.13800048828125,18000,30.268558502197266,0.0,0.0
WDTE,2024-08-22,46.29999923706055,46.30400085449219,45.72999954223633,45.88999938964844,38700,30.105863571166992,0.0,0.0
WDTE,2024-08-23,45.869998931884766,46.099998474121094,45.849998474121094,46.08000183105469,38600,30.230514526367188,0.0,0.0
WDTE,2024-08-26,46.11000061035156,46.25,45.88999938964844,45.994998931884766,27900,30.174739837646484,0.0,0.0
WDTE,2024-08-27,45.95000076293945,46.20000076293945,45.930999755859375,46.119998931884766,16800,30.256750106811523,0.0,0.0
WDTE,2024-08-28,46.099998474121094,46.16999816894531,45.65999984741211,45.93000030517578,17200,30.132099151611328,0.0,0.0
WDTE,2024-08-29,46.0,46.290000915527344,45.9900016784668,46.029998779296875,16000,30.197702407836914,0.0,0.0
WDTE,2024-08-30,46.130001068115234,46.290000915527344,46.04999923706055,46.20000076293945,75100,30.309232711791992,0.0,0.0
WDTE,2024-09-03,43.40999984741211,43.40999984741211,42.45000076293945,42.58000183105469,51000,29.70713233947754,2.757,0.0
WDTE,2024-09-04,42.439998626708984,42.779998779296875,42.439998626708984,42.68000030517578,36600,29.776906967163086,0.0,0.0
WDTE,2024-09-05,42.77000045776367,42.81999969482422,42.41999816894531,42.63999938964844,43800,29.74899673461914,0.0,0.0
WDTE,2024-09-06,42.599998474121094,42.810001373291016,42.0,42.04999923706055,60100,29.33736228942871,0.0,0.0
WDTE,2024-09-09,42.20000076293945,42.369998931884766,42.15999984741211,42.279998779296875,30400,29.497833251953125,0.0,0.0
WDTE,2024-09-10,42.4900016784668,42.560001373291016,42.22800064086914,42.54999923706055,22700,29.686206817626953,0.0,0.0
WDTE,2024-09-11,42.560001373291016,42.8380012512207,41.97999954223633,42.779998779296875,68500,29.846668243408203,0.0,0.0
WDTE,2024-09-12,43.0,43.02000045776367,42.70899963378906,42.97999954223633,23000,29.98621368408203,0.0,0.0
WDTE,2024-09-13,43.099998474121094,43.22999954223633,43.06999969482422,43.189998626708984,14600,30.132715225219727,0.0,0.0
WDTE,2024-09-16,43.220001220703125,43.400001525878906,43.15999984741211,43.34000015258789,36800,30.23736572265625,0.0,0.0
WDTE,2024-09-17,43.58000183105469,43.58000183105469,43.31999969482422,43.470001220703125,19200,30.328067779541016,0.0,0.0
WDTE,2024-09-18,43.470001220703125,43.77000045776367,43.33100128173828,43.540000915527344,36000,30.376907348632812,0.0,0.0
WDTE,2024-09-19,43.970001220703125,43.970001220703125,43.6879997253418,43.790000915527344,17700,30.551321029663086,0.0,0.0
WDTE,2024-09-20,43.75,43.880001068115234,43.54999923706055,43.79999923706055,19100,30.55830955505371,0.0,0.0
WDTE,2024-09-23,43.90999984741211,43.970001220703125,43.81999969482422,43.959999084472656,32600,30.66994285583496,0.0,0.0
WDTE,2024-09-24,43.97999954223633,44.099998474121094,43.85200119018555,44.060001373291016,24300,30.73969841003418,0.0,0.0
WDTE,2024-09-25,44.13999938964844,44.16899871826172,44.0,44.0099983215332,37100,30.704818725585938,0.0,0.0
WDTE,2024-09-26,44.060001373291016,44.20000076293945,44.04999923706055,44.11000061035156,25500,30.774580001831055,0.0,0.0
WDTE,2024-09-27,44.27000045776367,44.27000045776367,43.99100112915039,44.130001068115234,26400,30.788536071777344,0.0,0.0
WDTE,2024-09-30,44.130001068115234,44.25,44.01499938964844,44.20000076293945,53500,30.837373733520508,0.0,0.0
WDTE,2024-10-01,42.47999954223633,42.52000045776367,41.900001525878906,42.099998474121094,77300,30.625690460205078,1.809,0.0
WDTE,2024-10-02,42.099998474121094,42.22999954223633,41.900001525878906,42.189998626708984,52800,30.691152572631836,0.0,0.0
WDTE,2024-10-03,42.060001373291016,42.2599983215332,42.01599884033203,42.16299819946289,38700,30.671524047851562,0.0,0.0
WDTE,2024-10-04,42.34000015258789,42.439998626708984,42.185001373291016,42.433998107910156,33500,30.868656158447266,0.0,0.0
WDTE,2024-10-07,42.41999816894531,42.43000030517578,42.060001373291016,42.15999984741211,49800,30.669330596923828,0.0,0.0
WDTE,2024-10-08,42.279998779296875,42.31999969482422,42.18000030517578,42.2599983215332,49100,30.74207878112793,0.0,0.0
WDTE,2024-10-09,42.25,42.41999816894531,42.25,42.39099884033203,36600,30.83736228942871,0.0,0.0
WDTE,2024-10-10,42.0,42.20000076293945,41.95500183105469,42.060001373291016,30700,30.83957862854004,0.334,0.0
WDTE,2024-10-11,42.04999923706055,42.27000045776367,42.04999923706055,42.222999572753906,30200,30.959096908569336,0.0,0.0
WDTE,2024-10-14,42.20000076293945,42.400001525878906,42.20000076293945,42.35100173950195,37100,31.052949905395508,0.0,0.0
WDTE,2024-10-15,42.36000061035156,42.400001525878906,42.0,42.064998626708984,46600,30.84323501586914,0.0,0.0
WDTE,2024-10-16,42.099998474121094,42.25,42.051998138427734,42.222999572753906,18600,30.959096908569336,0.0,0.0
WDTE,2024-10-17,42.099998474121094,42.099998474121094,41.95800018310547,42.04499816894531,20300,30.828584671020508,0.0,0.0
WDTE,2024-10-18,42.099998474121094,42.13999938964844,41.965999603271484,42.09000015258789,27200,30.861560821533203,0.0,0.0
WDTE,2024-10-21,41.97999954223633,42.150001525878906,41.869998931884766,42.04800033569336,57300,30.830780029296875,0.0,0.0
WDTE,2024-10-22,42.04999923706055,42.150001525878906,41.86199951171875,42.10300064086914,14500,30.87110710144043,0.0,0.0
WDTE,2024-10-23,42.099998474121094,42.099998474121094,41.459999084472656,41.69300079345703,32000,30.57048988342285,0.0,0.0
WDTE,2024-10-24,41.47999954223633,41.65999984741211,41.470001220703125,41.584999084472656,12300,30.67744255065918,0.253,0.0
WDTE,2024-10-25,41.650001525878906,41.75,41.58000183105469,41.6349983215332,26100,30.714338302612305,0.0,0.0
WDTE,2024-10-28,41.65999984741211,41.81399917602539,41.65999984741211,41.779998779296875,31200,30.821298599243164,0.0,0.0
WDTE,2024-10-29,41.599998474121094,41.95899963378906,41.599998474121094,41.939998626708984,25900,30.9393310546875,0.0,0.0
WDTE,2024-10-30,41.97999954223633,42.04999923706055,41.849998474121094,41.900001525878906,23700,30.909835815429688,0.0,0.0
WDTE,2024-10-31,41.40999984741211,41.40999984741211,40.84000015258789,40.84000015258789,20500,30.308698654174805,0.25,0.0
WDTE,2024-11-01,40.86000061035156,41.104000091552734,40.86000061035156,41.058998107910156,48300,30.471229553222656,0.0,0.0
WDTE,2024-11-04,41.0,41.21200180053711,40.959999084472656,41.099998474121094,39800,30.501657485961914,0.0,0.0
WDTE,2024-11-05,41.150001525878906,41.198001861572266,41.02899932861328,41.185001373291016,30700,30.564741134643555,0.0,0.0
WDTE,2024-11-06,41.43000030517578,41.61000061035156,41.31800079345703,41.540000915527344,51300,30.828187942504883,0.0,0.0
WDTE,2024-11-07,41.41999816894531,41.5099983215332,41.347999572753906,41.459999084472656,16900,30.98287010192871,0.287,0.0
WDTE,2024-11-08,41.459999084472656,41.93299865722656,41.459999084472656,41.84000015258789,35500,31.266847610473633,0.0,0.0
WDTE,2024-11-11,41.849998474121094,41.935001373291016,41.79600143432617,41.88999938964844,47300,31.30422019958496,0.0,0.0
WDTE,2024-11-12,41.88999938964844,41.93000030517578,41.650001525878906,41.869998931884766,23300,31.28925895690918,0.0,0.0
WDTE,2024-11-13,41.880001068115234,42.02000045776367,41.7599983215332,41.94200134277344,30000,31.343076705932617,0.0,0.0
WDTE,2024-11-14,41.619998931884766,41.6349983215332,41.25,41.369998931884766,23900,31.164535522460938,0.335,0.0
WDTE,2024-11-15,41.18000030517578,41.20000076293945,40.77399826049805,40.869998931884766,30400,30.78786849975586,0.0,0.0
WDTE,2024-11-18,40.849998474121094,41.06999969482422,40.84000015258789,41.0099983215332,30600,30.893352508544922,0.0,0.0
WDTE,2024-11-19,40.939998626708984,41.13999938964844,40.849998474121094,41.040000915527344,211900,30.915945053100586,0.0,0.0
WDTE,2024-11-20,41.0,41.20000076293945,40.68000030517578,41.02000045776367,28100,30.90089225769043,0.0,0.0
WDTE,2024-11-21,40.849998474121094,41.0890007019043,40.70000076293945,41.040000915527344,23400,31.101709365844727,0.245,0.0
WDTE,2024-11-22,40.9900016784668,41.21799850463867,40.9900016784668,41.21799850463867,30400,31.236618041992188,0.0,0.0
WDTE,2024-11-25,41.220001220703125,41.3849983215332,41.220001220703125,41.310001373291016,61100,31.30632972717285,0.0,0.0
WDTE,2024-11-26,41.43000030517578,41.47999954223633,41.349998474121094,41.40999984741211,16900,31.382110595703125,0.0,0.0
WDTE,2024-11-27,41.220001220703125,41.220001220703125,40.970001220703125,41.0099983215332,27700,31.297399520874023,0.289,0.0
WDTE,2024-11-29,41.0099983215332,41.18000030517578,41.0099983215332,41.150001525878906,20900,31.404245376586914,0.0,0.0
WDTE,2024-12-02,41.150001525878906,41.2599983215332,41.141998291015625,41.220001220703125,49100,31.45766830444336,0.0,0.0
WDTE,2024-12-03,41.2599983215332,41.308998107910156,41.16999816894531,41.2599983215332,20500,31.488187789916992,0.0,0.0
WDTE,2024-12-04,41.38999938964844,41.38999938964844,41.28499984741211,41.380001068115234,31600,31.57976531982422,0.0,0.0
WDTE,2024-12-05,41.08000183105469,41.279998779296875,41.08000183105469,41.185001373291016,16500,31.585132598876953,0.202,0.0
WDTE,2024-12-06,41.150001525878906,41.34000015258789,41.150001525878906,41.34000015258789,38500,31.70399284362793,0.0,0.0
WDTE,2024-12-09,41.209999084472656,41.279998779296875,41.042999267578125,41.060001373291016,38800,31.489273071289062,0.0,0.0
WDTE,2024-12-10,41.04999923706055,41.150001525878906,40.959999084472656,40.959999084472656,20700,31.412580490112305,0.0,0.0
WDTE,2024-12-11,41.04999923706055,41.145999908447266,41.03900146484375,41.08000183105469,17000,31.504610061645508,0.0,0.0
WDTE,2024-12-12,40.79999923706055,40.87099838256836,40.709999084472656,40.709999084472656,20700,31.378978729248047,0.207,0.0
WDTE,2024-12-13,40.70000076293945,40.84000015258789,40.61000061035156,40.70000076293945,25100,31.371267318725586,0.0,0.0
WDTE,2024-12-16,40.7599983215332,40.849998474121094,40.7599983215332,40.79199981689453,59200,31.442176818847656,0.0,0.0
WDTE,2024-12-17,40.70000076293945,40.75,40.61000061035156,40.68000030517578,23700,31.35584831237793,0.0,0.0
WDTE,2024-12-18,40.65999984741211,40.79999923706055,39.47999954223633,39.47999954223633,37500,30.430892944335938,0.0,0.0
WDTE,2024-12-19,39.59000015258789,39.59000015258789,39.099998474121094,39.38800048828125,22500,30.50136947631836,0.183,0.0
WDTE,2024-12-20,39.150001525878906,39.65999984741211,39.150001525878906,39.59000015258789,39000,30.65780258178711,0.0,0.0
WDTE,2024-12-23,39.560001373291016,39.86000061035156,39.52000045776367,39.86000061035156,36400,30.866880416870117,0.0,0.0
WDTE,2024-12-24,39.91999816894531,40.04999923706055,39.91999816894531,39.9900016784668,16500,30.967559814453125,0.0,0.0
WDTE,2024-12-26,39.619998931884766,39.869998931884766,39.619998931884766,39.83000183105469,38000,31.028310775756836,0.238,0.0
WDTE,2024-12-27,39.70000076293945,39.70000076293945,39.20100021362305,39.5,29300,30.77123260498047,0.0,0.0
WDTE,2024-12-30,39.150001525878906,39.34000015258789,38.79999923706055,39.029998779296875,45900,30.405094146728516,0.0,0.0
WDTE,2024-12-31,38.86000061035156,39.0,38.638999938964844,38.75,31000,30.186967849731445,0.0,0.0
WDTE,2025-01-02,38.75,39.220001220703125,38.54999923706055,38.7400016784668,43500,30.179180145263672,0.0,0.0
WDTE,2025-01-03,38.849998474121094,38.979000091552734,38.744998931884766,38.95000076293945,32400,30.342777252197266,0.0,0.0
WDTE,2025-01-06,39.040000915527344,39.13999938964844,39.020999908447266,39.099998474121094,62600,30.459623336791992,0.0,0.0
WDTE,2025-01-07,39.189998626708984,39.310001373291016,38.63999938964844,38.7400016784668,43200,30.179180145263672,0.0,0.0
WDTE,2025-01-08,38.4900016784668,38.69499969482422,38.349998474121094,38.619998931884766,29800,30.268524169921875,0.234,0.0
WDTE,2025-01-10,38.25,38.5,38.058998107910156,38.16999816894531,23800,29.915836334228516,0.0,0.0
WDTE,2025-01-13,38.0,38.36000061035156,37.9119987487793,38.36000061035156,19900,30.064762115478516,0.0,0.0
WDTE,2025-01-14,38.540000915527344,38.540000915527344,38.22600173950195,38.459999084472656,16700,30.14312171936035,0.0,0.0
WDTE,2025-01-15,38.65999984741211,39.18000030517578,38.65999984741211,39.119998931884766,111100,30.660402297973633,0.0,0.0
WDTE,2025-01-16,38.849998474121094,38.97999954223633,38.72200012207031,38.875,13300,30.64777946472168,0.229,0.0
WDTE,2025-01-17,39.06999969482422,39.06999969482422,38.91999816894531,39.0,26300,30.7463321685791,0.0,0.0
WDTE,2025-01-21,39.0099983215332,39.3380012512207,39.0099983215332,39.310001373291016,27200,30.990726470947266,0.0,0.0
WDTE,2025-01-22,39.380001068115234,39.540000915527344,39.380001068115234,39.4900016784668,16700,31.13264274597168,0.0,0.0
WDTE,2025-01-23,39.41999816894531,39.599998474121094,39.290000915527344,39.599998474121094,57100,31.33041763305664,0.14,0.0
WDTE,2025-01-24,39.599998474121094,39.66999816894531,39.404998779296875,39.47700119018555,42800,31.23311996459961,0.0,0.0
WDTE,2025-01-27,38.5,39.209999084472656,38.5,38.86000061035156,19300,30.74495506286621,0.0,0.0
WDTE,2025-01-28,39.02000045776367,39.2400016784668,38.768001556396484,39.2400016784668,19700,31.045602798461914,0.0,0.0
WDTE,2025-01-29,39.060001373291016,39.20000076293945,38.93000030517578,39.060001373291016,17600,30.903186798095703,0.0,0.0
WDTE,2025-01-30,39.060001373291016,39.595001220703125,38.86199951171875,39.18000030517578,18100,31.07689666748047,0.099,0.0
WDTE,2025-01-31,39.2400016784668,39.47999954223633,39.04999923706055,39.04999923706055,21300,30.973793029785156,0.0,0.0
WDTE,2025-02-03,38.470001220703125,39.060001373291016,38.279998779296875,38.91999816894531,40000,30.87067413330078,0.0,0.0
WDTE,2025-02-04,39.04999923706055,39.18000030517578,38.987998962402344,39.11000061035156,19700,31.021381378173828,0.0,0.0
WDTE,2025-02-05,39.11000061035156,39.40999984741211,39.00400161743164,39.33000183105469,14400,31.19587516784668,0.0,0.0
WDTE,2025-02-06,39.09000015258789,39.29100036621094,39.09000015258789,39.220001220703125,11200,31.294816970825195,0.234,0.0
WDTE,2025-02-07,39.5099983215332,39.5099983215332,38.90999984741211,38.95000076293945,11400,31.079381942749023,0.0,0.0
WDTE,2025-02-10,39.09000015258789,39.2400016784668,39.060001373291016,39.22999954223633,19500,31.302797317504883,0.0,0.0
WDTE,2025-02-11,39.20000076293945,39.34000015258789,39.099998474121094,39.2400016784668,13400,31.31077766418457,0.0,0.0
WDTE,2025-02-12,39.18000030517578,39.38999938964844,38.86000061035156,39.34000015258789,23200,31.390573501586914,0.0,0.0
WDTE,2025-02-13,38.880001068115234,39.27000045776367,38.880001068115234,39.13999938964844,16600,31.41785430908203,0.234,0.0
WDTE,2025-02-14,39.150001525878906,39.349998474121094,39.13999938964844,39.25,14800,31.50616455078125,0.0,0.0
WDTE,2025-02-18,39.349998474121094,39.40999984741211,39.25600051879883,39.369998931884766,17700,31.60249137878418,0.0,0.0
WDTE,2025-02-19,39.5,39.58000183105469,39.36399841308594,39.58000183105469,19800,31.771060943603516,0.0,0.0
WDTE,2025-02-20,39.34000015258789,39.34000015258789,38.900001525878906,39.2400016784668,15400,31.68707275390625,0.236,0.0
WDTE,2025-02-21,39.189998626708984,39.22999954223633,38.52000045776367,38.52000045776367,28900,31.105663299560547,0.0,0.0
WDTE,2025-02-24,38.560001373291016,38.70899963378906,38.301998138427734,38.38999938964844,29900,31.00067710876465,0.0,0.0
WDTE,2025-02-25,38.54999923706055,38.54999923706055,37.9900016784668,38.27199935913086,13800,30.905391693115234,0.0,0.0
WDTE,2025-02-26,38.43000030517578,38.5,38.27000045776367,38.40999984741211,12300,31.01683807373047,0.0,0.0
WDTE,2025-02-27,38.09000015258789,38.369998931884766,37.63999938964844,37.63999938964844,17100,30.578941345214844,0.231,0.0
WDTE,2025-02-28,37.52000045776367,37.900001525878906,37.470001220703125,37.77000045776367,29600,30.684555053710938,0.0,0.0
WDTE,2025-03-03,38.369998931884766,38.369998931884766,36.959999084472656,37.34000015258789,29500,30.335222244262695,0.0,0.0
WDTE,2025-03-04,36.93000030517578,37.31999969482422,36.58000183105469,37.0,33300,30.059003829956055,0.0,0.0
WDTE,2025-03-05,37.0,37.310001373291016,36.86000061035156,37.310001373291016,12500,30.310861587524414,0.0,0.0
WDTE,2025-03-06,36.72999954223633,36.95000076293945,36.38199996948242,36.55500030517578,16100,29.8792781829834,0.227,0.0
WDTE,2025-03-07,36.65999984741211,36.904998779296875,36.152000427246094,36.88999938964844,28900,30.15310287475586,0.0,0.0
WDTE,2025-03-10,36.400001525878906,36.619998931884766,35.619998931884766,35.959999084472656,40700,29.392932891845703,0.0,0.0
WDTE,2025-03-11,36.2400016784668,36.43000030517578,35.62799835205078,35.89099884033203,15400,29.336538314819336,0.0,0.0
WDTE,2025-03-12,36.189998626708984,36.22800064086914,35.821998596191406,36.15700149536133,15200,29.553951263427734,0.0,0.0
WDTE,2025-03-13,35.83000183105469,35.83000183105469,35.36000061035156,35.46500015258789,9100,29.256982803344727,0.332,0.0
WDTE,2025-03-14,35.72999954223633,36.0,35.58000183105469,35.83000183105469,13800,29.558090209960938,0.0,0.0
WDTE,2025-03-17,35.900001525878906,36.060001373291016,35.849998474121094,36.060001373291016,22400,29.747827529907227,0.0,0.0
WDTE,2025-03-18,36.06999969482422,36.06999969482422,35.599998474121094,35.77000045776367,10600,29.508586883544922,0.0,0.0
WDTE,2025-03-19,35.86000061035156,36.0,35.76499938964844,35.96699905395508,15000,29.671106338500977,0.0,0.0
WDTE,2025-03-20,35.560001373291016,35.84000015258789,35.560001373291016,35.66999816894531,16400,29.692747116088867,0.323,0.0
WDTE,2025-03-21,35.56999969482422,35.880001068115234,35.36800003051758,35.880001068115234,17100,29.867549896240234,0.0,0.0
WDTE,2025-03-24,36.099998474121094,36.11000061035156,35.95000076293945,36.02000045776367,41900,29.98409652709961,0.0,0.0
WDTE,2025-03-25,36.2599983215332,36.2599983215332,36.060001373291016,36.150001525878906,24400,30.09230613708496,0.0,0.0
WDTE,2025-03-26,36.25,36.279998779296875,35.66999816894531,35.81399917602539,15900,29.812620162963867,0.0,0.0
WDTE,2025-03-27,35.470001220703125,35.685001373291016,35.35499954223633,35.49599838256836,19800,29.816802978515625,0.323,0.0
WDTE,2025-03-28,35.459999084472656,35.46900177001953,34.75600051879883,34.81999969482422,26700,29.248971939086914,0.0,0.0
WDTE,2025-03-31,34.38999938964844,35.07600021362305,34.119998931884766,35.07600021362305,29700,29.464014053344727,0.0,0.0
WDTE,2025-04-01,34.91999816894531,35.349998474121094,34.902000427246094,35.33100128173828,20600,29.6782169342041,0.0,0.0
WDTE,2025-04-02,35.25,35.66999816894531,35.25,35.6619987487793,10600,29.956247329711914,0.0,0.0
WDTE,2025-04-03,34.029998779296875,34.66299819946289,33.529998779296875,33.529998779296875,28500,28.41475486755371,0.313,0.0
WDTE,2025-04-04,33.20000076293945,33.20000076293945,31.610000610351562,31.764999389648438,61100,26.919017791748047,0.0,0.0
WDTE,2025-04-07,30.989999771118164,32.189998626708984,30.44700050354004,31.882999420166016,51500,27.019020080566406,0.0,0.0
WDTE,2025-04-08,32.77000045776367,32.77000045776367,31.489999771118164,31.610000610351562,15600,26.787670135498047,0.0,0.0
WDTE,2025-04-09,31.399999618530273,32.75299835205078,31.399999618530273,32.520999908447266,22500,27.5596866607666,0.0,0.0
WDTE,2025-04-10,31.40999984741211,31.940000534057617,30.31999969482422,31.273000717163086,16900,26.737213134765625,0.286,0.0
WDTE,2025-04-11,31.309999465942383,32.051998138427734,31.100000381469727,32.03900146484375,23000,27.392118453979492,0.0,0.0
WDTE,2025-04-14,32.31999969482422,32.6349983215332,32.20000076293945,32.41400146484375,22300,27.71272087097168,0.0,0.0
WDTE,2025-04-15,32.459999084472656,33.233001708984375,32.426998138427734,32.60100173950195,15400,27.872604370117188,0.0,0.0
WDTE,2025-04-16,32.560001373291016,32.560001373291016,31.700000762939453,31.937999725341797,15900,27.305763244628906,0.0,0.0
WDTE,2025-04-17,31.93000030517578,32.0,31.6200008392334,31.816999435424805,7800,27.505460739135742,0.352,0.0
WDTE,2025-04-21,31.81999969482422,31.81999969482422,30.871999740600586,31.280000686645508,50200,27.041231155395508,0.0,0.0
WDTE,2025-04-22,31.649999618530273,31.674999237060547,31.43000030517578,31.56999969482422,24000,27.291933059692383,0.0,0.0
WDTE,2025-04-23,32.11000061035156,32.20500183105469,31.80900001525879,31.965999603271484,13500,27.63426971435547,0.0,0.0
WDTE,2025-04-24,31.829999923706055,32.0099983215332,31.583999633789062,31.9950008392334,7500,27.96554183959961,0.35,0.0
WDTE,2025-04-25,32.08000183105469,32.29999923706055,31.809999465942383,32.29999923706055,22700,28.23212432861328,0.0,0.0
WDTE,2025-04-28,32.2400016784668,32.5,32.0099983215332,32.49800109863281,42500,28.405197143554688,0.0,0.0
WDTE,2025-04-29,32.220001220703125,32.77000045776367,32.220001220703125,32.71799850463867,14600,28.597488403320312,0.0,0.0
WDTE,2025-04-30,32.5,32.83000183105469,32.25,32.81999969482422,24800,28.686634063720703,0.0,0.0
WDTE,2025-05-01,32.900001525878906,33.0,32.85100173950195,32.9370002746582,16100,28.960084915161133,0.194,0.0
WDTE,2025-05-02,33.040000915527344,33.33000183105469,33.040000915527344,33.31800079345703,28500,29.295080184936523,0.0,0.0
WDTE,2025-05-05,33.22999954223633,33.33000183105469,33.0,33.22100067138672,34700,29.209796905517578,0.0,0.0
WDTE,2025-05-06,33.0099983215332,33.29999923706055,32.882999420166016,33.0,16400,29.015478134155273,0.0,0.0
WDTE,2025-05-07,33.119998931884766,33.2130012512207,32.939998626708984,33.21099853515625,18700,29.201004028320312,0.0,0.0
WDTE,2025-05-08,33.27000045776367,33.31999969482422,32.84000015258789,33.23899841308594,9000,29.402685165405273,0.2,0.0
WDTE,2025-05-09,33.31999969482422,33.55500030517578,33.15800094604492,33.40299987792969,12200,29.547758102416992,0.0,0.0
WDTE,2025-05-12,33.7400016784668,33.810001373291016,33.22100067138672,33.691001892089844,39000,29.80252456665039,0.0,0.0
WDTE,2025-05-13,33.810001373291016,33.959999084472656,33.709999084472656,33.82699966430664,20100,29.92283058166504,0.0,0.0
WDTE,2025-05-14,33.77000045776367,34.0,33.77000045776367,33.93000030517578,21800,30.013935089111328,0.0,0.0
WDTE,2025-05-15,33.81999969482422,34.0,33.560001373291016,33.915000915527344,11200,30.178550720214844,0.2,0.0
WDTE,2025-05-16,34.0,34.099998474121094,33.91999816894531,34.005001068115234,18200,30.258642196655273,0.0,0.0
WDTE,2025-05-19,33.97999954223633,34.22999954223633,33.77000045776367,34.15599822998047,35800,30.393007278442383,0.0,0.0
WDTE,2025-05-20,34.15999984741211,34.25,34.029998779296875,34.13999938964844,17600,30.378768920898438,0.0,0.0
WDTE,2025-05-21,34.0,34.15999984741211,33.560001373291016,33.630001068115234,18700,29.924955368041992,0.0,0.0
WDTE,2025-05-22,33.5,33.599998474121094,33.290000915527344,33.48699951171875,7800,29.979562759399414,0.204,0.0
WDTE,2025-05-23,33.41999816894531,33.4900016784668,33.099998474121094,33.33100128173828,22100,29.839908599853516,0.0,0.0
WDTE,2025-05-27,33.599998474121094,33.63999938964844,33.459999084472656,33.555999755859375,16100,30.041339874267578,0.0,0.0
WDTE,2025-05-28,33.56999969482422,33.7599983215332,33.49300003051758,33.49300003051758,16100,29.98493003845215,0.0,0.0
WDTE,2025-05-29,33.33000183105469,34.0,33.33000183105469,33.4630012512207,8300,30.138042449951172,0.2,0.0
WDTE,2025-05-30,33.599998474121094,33.599998474121094,33.124000549316406,33.59000015258789,23800,30.252424240112305,0.0,0.0
WDTE,2025-06-02,33.599998474121094,33.790000915527344,33.45000076293945,33.75400161743164,26000,30.40013313293457,0.0,0.0
WDTE,2025-06-03,33.90999984741211,34.0,33.75,33.939998626708984,15100,30.567646026611328,0.0,0.0
WDTE,2025-06-04,34.209999084472656,34.209999084472656,33.939998626708984,34.03900146484375,18300,30.656814575195312,0.0,0.0
WDTE,2025-06-05,33.959999084472656,34.25,33.529998779296875,33.67599868774414,9900,30.510948181152344,0.202,0.0
WDTE,2025-06-06,33.75,33.89400100708008,33.75,33.88999938964844,17200,30.7048282623291,0.0,0.0
WDTE,2025-06-09,33.849998474121094,34.209999084472656,33.5,34.0,23500,30.80449867248535,0.0,0.0
WDTE,2025-06-10,34.09000015258789,34.209999084472656,33.98899841308594,34.12699890136719,9600,30.919546127319336,0.0,0.0
WDTE,2025-06-11,34.2400016784668,34.310001373291016,34.0,34.09700012207031,12300,30.89237403869629,0.0,0.0
WDTE,2025-06-12,33.97999954223633,34.09000015258789,33.900001525878906,34.02799987792969,7900,31.014503479003906,0.203,0.0
WDTE,2025-06-13,33.689998626708984,34.0099983215332,33.599998474121094,33.680999755859375,17300,30.6982364654541,0.0,0.0
WDTE,2025-06-16,33.75,34.01499938964844,33.75,33.93299865722656,16100,30.92791748046875,0.0,0.0
WDTE,2025-06-17,33.939998626708984,33.939998626708984,33.689998626708984,33.731998443603516,16200,30.744720458984375,0.0,0.0
WDTE,2025-06-18,33.689998626708984,33.720001220703125,33.56999969482422,33.66999816894531,13700,30.87308692932129,0.202,0.0
WDTE,2025-06-20,33.599998474121094,33.82899856567383,33.56999969482422,33.66899871826172,21600,30.87217140197754,0.0,0.0
WDTE,2025-06-23,33.66999816894531,33.95000076293945,33.619998931884766,33.84000015258789,17300,31.02897071838379,0.0,0.0
WDTE,2025-06-24,34.0,34.06999969482422,33.95000076293945,34.02000045776367,20900,31.194015502929688,0.0,0.0
WDTE,2025-06-25,34.130001068115234,34.150001525878906,33.9640007019043,34.130001068115234,17600,31.294883728027344,0.0,0.0
WDTE,2025-06-26,33.880001068115234,34.0099983215332,33.880001068115234,33.99100112915039,8400,31.352985382080078,0.202,0.0
WDTE,2025-06-27,33.83000183105469,34.14099884033203,33.83000183105469,34.069000244140625,17700,31.424930572509766,0.0,0.0
WDTE,2025-06-30,34.150001525878906,34.279998779296875,34.08000183105469,34.24100112915039,23500,31.583589553833008,0.0,0.0
WDTE,2025-07-01,34.349998474121094,34.349998474121094,34.099998474121094,34.25899887084961,22800,31.600194931030273,0.0,0.0
WDTE,2025-07-02,34.20000076293945,34.59000015258789,34.20000076293945,34.38999938964844,13500,31.721025466918945,0.0,0.0
WDTE,2025-07-03,34.27000045776367,34.34000015258789,34.20899963378906,34.2599983215332,16500,31.789690017700195,0.204,0.0
WDTE,2025-07-07,34.2400016784668,34.290000915527344,33.959999084472656,34.042999267578125,35500,31.58833885192871,0.0,0.0
WDTE,2025-07-08,34.220001220703125,34.220001220703125,34.06399917602539,34.16999816894531,26800,31.706174850463867,0.0,0.0
WDTE,2025-07-09,34.27000045776367,34.29999923706055,34.20000076293945,34.2599983215332,18400,31.789690017700195,0.0,0.0
WDTE,2025-07-10,34.099998474121094,34.18000030517578,33.992000579833984,34.13100051879883,16400,31.86156463623047,0.206,0.0
WDTE,2025-07-11,34.15999984741211,34.20000076293945,34.000999450683594,34.130001068115234,25000,31.860639572143555,0.0,0.0
WDTE,2025-07-14,34.189998626708984,34.229000091552734,34.04999923706055,34.202999114990234,25200,31.928781509399414,0.0,0.0
WDTE,2025-07-15,34.33000183105469,34.380001068115234,34.189998626708984,34.19200134277344,19200,31.918516159057617,0.0,0.0
WDTE,2025-07-16,34.290000915527344,34.29999923706055,34.029998779296875,34.29999923706055,11200,32.01933288574219,0.0,0.0
WDTE,2025-07-17,34.220001220703125,34.2599983215332,34.090999603271484,34.2599983215332,15100,32.17428970336914,0.205,0.0
WDTE,2025-07-18,34.25,34.29999923706055,34.20000076293945,34.249000549316406,19700,32.16395568847656,0.0,0.0
WDTE,2025-07-21,34.290000915527344,34.41999816894531,34.290000915527344,34.369998931884766,35000,32.27759552001953,0.0,0.0
WDTE,2025-07-22,34.459999084472656,34.459999084472656,34.220001220703125,34.40599822998047,12400,32.3114013671875,0.0,0.0
WDTE,2025-07-23,34.5,34.553001403808594,34.470001220703125,34.54499816894531,36400,32.441932678222656,0.0,0.0
WDTE,2025-07-24,34.470001220703125,34.470001220703125,34.292999267578125,34.43000030517578,26100,32.52790451049805,0.206,0.0
WDTE,2025-07-25,34.43000030517578,34.54999923706055,34.349998474121094,34.50400161743164,20900,32.59782791137695,0.0,0.0
WDTE,2025-07-28,34.650001525878906,34.650001525878906,34.5,34.61000061035156,26600,32.697967529296875,0.0,0.0
WDTE,2025-07-29,34.52000045776367,34.6349983215332,34.5099983215332,34.5260009765625,17000,32.618614196777344,0.0,0.0
WDTE,2025-07-30,34.54999923706055,34.650001525878906,34.380001068115234,34.492000579833984,18800,32.58648681640625,0.0,0.0
WDTE,2025-07-31,34.56999969482422,34.56999969482422,34.29999923706055,34.369998931884766,25300,32.62825393676758,0.166,0.0
WDTE,2025-08-01,34.20000076293945,34.20000076293945,33.75,33.888999938964844,23800,32.171630859375,0.0,0.0
WDTE,2025-08-04,34.029998779296875,34.099998474121094,33.97999954223633,34.04800033569336,34200,32.322574615478516,0.0,0.0
WDTE,2025-08-05,34.25,34.25,33.93000030517578,34.0,22000,32.277000427246094,0.0,0.0
WDTE,2025-08-06,34.0099983215332,34.099998474121094,33.952999114990234,34.099998474121094,29700,32.37194061279297,0.0,0.0
WDTE,2025-08-07,33.93000030517578,34.005001068115234,33.74700164794922,33.87699890136719,13200,32.352840423583984,0.203,0.0
WDTE,2025-08-08,33.880001068115234,34.05500030517578,33.880001068115234,34.04999923706055,24300,32.5180549621582,0.0,0.0
WDTE,2025-08-11,34.09000015258789,34.09000015258789,33.939998626708984,33.939998626708984,17000,32.41300582885742,0.0,0.0
WDTE,2025-08-12,34.11000061035156,34.12900161743164,33.9900016784668,34.12900161743164,29900,32.593505859375,0.0,0.0
WDTE,2025-08-13,34.27000045776367,34.27000045776367,34.16999816894531,34.220001220703125,24500,32.68041229248047,0.0,0.0
WDTE,2025-08-14,34.0,34.09199905395508,33.900001525878906,34.09199905395508,14300,32.753421783447266,0.204,0.0
WDTE,2025-08-15,34.02000045776367,34.119998931884766,34.005001068115234,34.04100036621094,16000,32.70442199707031,0.0,0.0
WDTE,2025-08-18,34.08000183105469,34.099998474121094,34.0,34.09000015258789,13100,32.751502990722656,0.0,0.0
WDTE,2025-08-19,34.040000915527344,34.099998474121094,33.85100173950195,33.88800048828125,24700,32.55743408203125,0.0,0.0
WDTE,2025-08-20,33.790000915527344,33.930999755859375,33.36199951171875,33.869998931884766,21400,32.540138244628906,0.0,0.0
WDTE,2025-08-21,33.63100051879883,33.68000030517578,33.459999084472656,33.59000015258789,11500,32.46668243408203,0.204,0.0
WDTE,2025-08-22,33.59000015258789,33.81999969482422,33.59000015258789,33.76300048828125,33100,32.63389587402344,0.0,0.0
WDTE,2025-08-25,33.790000915527344,33.79999923706055,33.720001220703125,33.720001220703125,25900,32.59233856201172,0.0,0.0
WDTE,2025-08-26,33.720001220703125,33.790000915527344,33.60300064086914,33.779998779296875,19400,32.650325775146484,0.0,0.0
WDTE,2025-08-27,33.79999923706055,33.900001525878906,33.709999084472656,33.779998779296875,13900,32.650325775146484,0.0,0.0
WDTE,2025-08-28,33.619998931884766,33.81999969482422,33.619998931884766,33.79199981689453,15900,32.85939025878906,0.203,0.0
WDTE,2025-08-29,33.83000183105469,33.869998931884766,33.52000045776367,33.612998962402344,19100,32.685333251953125,0.0,0.0
WDTE,2025-09-02,33.63999938964844,33.63999938964844,33.1150016784668,33.47999954223633,33200,32.55600357055664,0.0,0.0
WDTE,2025-09-03,33.56999969482422,33.57500076293945,33.400001525878906,33.529998779296875,10700,32.60462188720703,0.0,0.0
WDTE,2025-09-04,33.36000061035156,33.49700164794922,33.36000061035156,33.48899841308594,9300,32.74837112426758,0.188,0.0
WDTE,2025-09-05,33.54999923706055,33.650001525878906,33.2400016784668,33.43299865722656,27500,32.693607330322266,0.0,0.0
WDTE,2025-09-08,33.59000015258789,33.59000015258789,33.439998626708984,33.55799865722656,30300,32.81584548950195,0.0,0.0
WDTE,2025-09-09,33.470001220703125,33.66999816894531,33.470001220703125,33.606998443603516,10400,32.8637580871582,0.0,0.0
WDTE,2025-09-10,33.790000915527344,33.790000915527344,33.69499969482422,33.77000045776367,12900,33.023155212402344,0.0,0.0
WDTE,2025-09-11,33.599998474121094,33.72999954223633,33.47700119018555,33.650001525878906,22500,33.102840423583984,0.201,0.0
WDTE,2025-09-12,33.619998931884766,33.845001220703125,33.61000061035156,33.71200180053711,24800,33.16383361816406,0.0,0.0
WDTE,2025-09-15,33.709999084472656,33.79999923706055,33.70500183105469,33.790000915527344,24900,33.240562438964844,0.0,0.0
WDTE,2025-09-16,33.849998474121094,33.849998474121094,33.75,33.814998626708984,13900,33.26515579223633,0.0,0.0
WDTE,2025-09-17,33.810001373291016,33.85300064086914,33.630001068115234,33.72999954223633,21900,33.18153762817383,0.0,0.0
WDTE,2025-09-18,33.689998626708984,33.880001068115234,33.689998626708984,33.834999084472656,15100,33.4315185546875,0.148,0.0
WDTE,2025-09-19,33.83000183105469,33.97999954223633,33.827999114990234,33.97999954223633,17200,33.57479476928711,0.0,0.0
WDTE,2025-09-22,33.81999969482422,34.09000015258789,33.81999969482422,34.060001373291016,33500,33.653839111328125,0.0,0.0
WDTE,2025-09-23,34.130001068115234,34.130001068115234,33.88999938964844,33.93000030517578,21900,33.525386810302734,0.0,0.0
WDTE,2025-09-24,33.91999816894531,34.0099983215332,33.79999923706055,33.900001525878906,15500,33.495750427246094,0.0,0.0
WDTE,2025-09-25,33.5,33.619998931884766,33.400001525878906,33.599998474121094,10800,33.40031433105469,0.204,0.0
WDTE,2025-09-26,33.709999084472656,33.720001220703125,33.54999923706055,33.61000061035156,16800,33.41025924682617,0.0,0.0
WDTE,2025-09-29,33.790000915527344,33.83000183105469,33.676998138427734,33.810001373291016,37000,33.60906982421875,0.0,0.0
